name	path	bytes	birth	mtime	source
IMG_20190101_08264041375.jpg	2019/	2604000	2019-01-01	2019-01-01	name
20190111_171033.jpg	2019/	3565914	2019-01-11	2019-01-11	name
PXL_20190117_11171609589.jpg	2019/	3628112	2019-01-17	2019-01-17	name
PXL_20190130_21324694626.jpg	2019/	2201658	2019-01-30	2019-01-30	name
屏幕截图 2019-02-03 161553.png	2019/	2431119	2019-02-03	2019-02-03	name
IMG_20190216_07083615029.jpg	2019/	2183650	2019-02-16	2019-02-16	name
IMG_20190224_08244570784.jpg	2019/	2927419	2019-02-24	2019-02-24	name
IMG_20190227_13232296555.jpg	2019/	2190262	2019-02-27	2019-02-27	name
PXL_20190302_19465372630.jpg	2019/	2419812	2019-03-02	2019-03-02	name
20190304_163745.jpg	2019/	2677495	2019-03-04	2019-03-04	name
Screenshot_20190310-154544.png	2019/	1425527	2019-03-10	2019-03-10	name
20190316_085133.jpg	2019/	2914922	2019-03-16	2019-03-16	name
Screenshot 2019-03-21 at 23.46.31.png	2019/	1776722	2019-03-21	2019-03-21	name
20190326_200826.jpg	2019/	2607672	2019-03-26	2019-03-26	name
20190328_172548.jpg	2019/	2551750	2019-03-28	2019-03-28	name
IMG_20190402_16393194877.jpg	2019/	3473956	2019-04-02	2019-04-02	name
截屏2019-04-05 15.51.36.png	2019/	2258744	2019-04-05	2019-04-05	name
IMG_20190410_2144119932.jpg	2019/	3136238	2019-04-10	2019-04-10	name
20190411_225250.jpg	2019/	3079528	2019-04-11	2019-04-11	name
20190414_111759.jpg	2019/	3456487	2019-04-14	2019-04-14	name
WXIMG_20190427_160871.jpg	2019/	723702	2019-04-27	2019-04-27	name
IMG-20190501-WB6494.jpg	2019/	3530285	2019-05-01	2019-05-01	name
20190503_125258.jpg	2019/	3503238	2019-05-03	2019-05-03	name
20190508_094504.jpg	2019/	3160064	2019-05-08	2019-05-08	name
PXL_20190512_09382633167.jpg	2019/	2524969	2019-05-12	2019-05-12	name
PXL_20190512_10195367786.jpg	2019/	3250535	2019-05-12	2019-05-12	name
IMG_20190526_08085649473.jpg	2019/	2767533	2019-05-26	2019-05-26	name
IMG-20190608-WB97298.jpg	2019/	3186441	2019-06-08	2019-06-08	name
IMG-20190609-WB34005.jpg	2019/	3742875	2019-06-09	2019-06-09	name
PXL_20190609_13470679746.jpg	2019/	3567428	2019-06-09	2019-06-09	name
PXL_20190611_18052505779.jpg	2019/	3744874	2019-06-11	2019-06-11	name
IMG-20190612-WB1031.jpg	2019/	3423962	2019-06-12	2019-06-12	name
IMG_20190612_12130798496.jpg	2019/	2224112	2019-06-12	2019-06-12	name
IMG-20190616-WB49052.jpg	2019/	3749870	2019-06-16	2019-06-16	name
PXL_20190619_18375777015.jpg	2019/	3694229	2019-06-19	2019-06-19	name
PXL_20190624_22031456548.jpg	2019/	3376206	2019-06-24	2019-06-24	name
20190626_170936.jpg	2019/	3701114	2019-06-26	2019-06-26	name
截屏2019-06-29 09.50.07.png	2019/	2226637	2019-06-29	2019-06-29	name
IMG_20190708_123716001.jpg	2019/	1260000	2019-07-08	2019-07-08	name
IMG_20190708_123716002.jpg	2019/	1365000	2019-07-08	2019-07-08	name
IMG_20190708_123716003.jpg	2019/	1605000	2019-07-08	2019-07-08	name
IMG_20190708_123716004.jpg	2019/	1530000	2019-07-08	2019-07-08	name
IMG_20190708_123716005.jpg	2019/	1650000	2019-07-08	2019-07-08	name
屏幕截图 2019-07-08 174604.png	2019/	1434356	2019-07-08	2019-07-08	name
Screenshot_20190710-235054.png	2019/	1225220	2019-07-10	2019-07-10	name
20190714_094948.jpg	2019/	2685814	2019-07-14	2019-07-14	name
IMG_20190718_08414257614.jpg	2019/	2954566	2019-07-18	2019-07-18	name
屏幕截图 2019-07-23 102929.png	2019/	1924208	2019-07-23	2019-07-23	name
PXL_20190809_12364071573.jpg	2019/	3684958	2019-08-09	2019-08-09	name
20190813_193358.jpg	2019/	3599584	2019-08-13	2019-08-13	name
DSC_00001.JPG	imported/	3719555	2019-08-14	2019-08-14	mtime
PXL_20190814_19171389091.jpg	2019/	2886374	2019-08-14	2019-08-14	name
Screenshot_20190814-104320.png	2019/	955286	2019-08-14	2019-08-14	name
屏幕截图 2019-08-18 205407.png	2019/	834377	2019-08-18	2019-08-18	name
IMG_20190829_07111723035.jpg	2019/	2658744	2019-08-29	2019-08-29	name
IMG_20190908_08163858837.jpg	2019/	2875353	2019-09-08	2019-09-08	name
IMG_20190910_11494024546.jpg	2019/	2667081	2019-09-10	2019-09-10	name
IMG-20190916-WB51504.jpg	2019/	2491166	2019-09-16	2019-09-16	name
IMG-20190919-WB4659.jpg	2019/	3484346	2019-09-19	2019-09-19	name
WeChat Image 2019-09-21 125016.jpg	2019/	876374	2019-09-21	2019-09-21	name
IMG-20190923-WB53545.jpg	2019/	3608243	2019-09-23	2019-09-23	name
IMG_20190923_164229001.jpg	2019/	1785000	2019-09-23	2019-09-23	name
IMG_20190923_164229002.jpg	2019/	1260000	2019-09-23	2019-09-23	name
IMG_20190923_164229003.jpg	2019/	1290000	2019-09-23	2019-09-23	name
IMG_20190923_164229004.jpg	2019/	1635000	2019-09-23	2019-09-23	name
IMG_20190923_164229005.jpg	2019/	1785000	2019-09-23	2019-09-23	name
DSC_00002.JPG	imported/	2109726	2019-10-02	2019-10-02	mtime
IMG_20191004_16242839886.jpg	2019/	2201283	2019-10-04	2019-10-04	name
PXL_20191004_10193725134.jpg	2019/	3678857	2019-10-04	2019-10-04	name
IMG-20191006-WB64302.jpg	2019/	3077358	2019-10-06	2019-10-06	name
IMG-20191014-WB69804.jpg	2019/	2751169	2019-10-14	2019-10-14	name
WX20191024-180224.png	2019/	1622079	2019-10-24	2019-10-24	name
IMG_20191025_20383943731.jpg	2019/	3425990	2019-10-25	2019-10-25	name
PXL_20191111_17173120203.jpg	2019/	3928206	2019-11-11	2019-11-11	name
Screenshot 2019-11-16 at 11.25.13.png	2019/	2125006	2019-11-16	2019-11-16	name
Screenshot 2019-11-22 at 14.22.38.png	2019/	941204	2019-11-22	2019-11-22	name
20191223_174805.jpg	2019/	2616221	2019-12-23	2019-12-23	name
截屏2019-12-23 22.03.53.png	2019/	937965	2019-12-23	2019-12-23	name
20191226_131041.jpg	2019/	2525804	2019-12-26	2019-12-26	name
20191227_152718.jpg	2019/	3050220	2019-12-27	2019-12-27	name
IMG_20200107_11021734956.jpg	2020/	2811551	2020-01-07	2020-01-07	name
IMG_20200108_17222070971.jpg	2020/	3090398	2020-01-08	2020-01-08	name
20200114_081642.jpg	2020/	2723672	2020-01-14	2020-01-14	name
Screenshot 2020-01-24 at 09.40.51.png	2020/	1363786	2020-01-24	2020-01-24	name
截屏2020-01-29 10.38.08.png	2020/	1375006	2020-01-29	2020-01-29	name
屏幕截图 2020-01-30 103354.png	2020/	671426	2020-01-30	2020-01-30	name
IMG-20200211-WB11806.jpg	2020/	3615650	2020-02-11	2020-02-11	name
PXL_20200214_14290863581.jpg	2020/	3337631	2020-02-14	2020-02-14	name
IMG-20200215-WB34671.jpg	2020/	3182463	2020-02-15	2020-02-15	name
PXL_20200217_14073389020.jpg	2020/	2840677	2020-02-17	2020-02-17	name
PXL_20200222_16220724514.jpg	2020/	3156782	2020-02-22	2020-02-22	name
IMG_20200226_161352001.jpg	2020/	1500000	2020-02-26	2020-02-26	name
IMG_20200226_161352002.jpg	2020/	1635000	2020-02-26	2020-02-26	name
IMG_20200226_161352003.jpg	2020/	1575000	2020-02-26	2020-02-26	name
IMG_20200226_161352004.jpg	2020/	1230000	2020-02-26	2020-02-26	name
IMG_20200226_161352005.jpg	2020/	1320000	2020-02-26	2020-02-26	name
IMG_20200226_2223218929.jpg	2020/	3504087	2020-02-26	2020-02-26	name
IMG_20200301_093321001.jpg	2020/	1350000	2020-03-01	2020-03-01	name
IMG_20200301_093321002.jpg	2020/	1440000	2020-03-01	2020-03-01	name
IMG_20200301_093321003.jpg	2020/	1200000	2020-03-01	2020-03-01	name
IMG_20200301_093321004.jpg	2020/	1650000	2020-03-01	2020-03-01	name
IMG_20200301_093321005.jpg	2020/	1425000	2020-03-01	2020-03-01	name
IMG_20200301_093321006.jpg	2020/	1275000	2020-03-01	2020-03-01	name
IMG_20200301_093321007.jpg	2020/	1680000	2020-03-01	2020-03-01	name
屏幕截图 2020-03-04 161609.png	2020/	1034224	2020-03-04	2020-03-04	name
Screenshot_20200305-112727.png	2020/	1982539	2020-03-05	2020-03-05	name
IMG_20200307_07344365251.jpg	2020/	3356007	2020-03-07	2020-03-07	name
PXL_20200308_22185803022.jpg	2020/	3388215	2020-03-08	2020-03-08	name
WXIMG_20200308_111031.jpg	2020/	1073146	2020-03-08	2020-03-08	name
IMG-20200311-WB18752.jpg	2020/	2951203	2020-03-11	2020-03-11	name
IMG-20200313-WB92684.jpg	2020/	2575734	2020-03-13	2020-03-13	name
PXL_20200313_22204227790.jpg	2020/	2418677	2020-03-13	2020-03-13	name
PXL_20200315_22062179799.jpg	2020/	2639868	2020-03-15	2020-03-15	name
IMG-20200316-WB68451.jpg	2020/	2829133	2020-03-16	2020-03-16	name
IMG-20200318-WB42171.jpg	2020/	2453133	2020-03-18	2020-03-18	name
DSC_00003.JPG	imported/	3052963	2020-03-21	2020-03-21	mtime
IMG-20200330-WB45973.jpg	2020/	2775881	2020-03-30	2020-03-30	name
IMG_20200405_07412562154.jpg	2020/	3917277	2020-04-05	2020-04-05	name
IMG_20200405_09302363786.jpg	2020/	3253867	2020-04-05	2020-04-05	name
20200408_125617.jpg	2020/	3667266	2020-04-08	2020-04-08	name
截屏2020-04-08 20.07.48.png	2020/	2197191	2020-04-08	2020-04-08	name
IMG_20200412_12152764485.jpg	2020/	3101267	2020-04-12	2020-04-12	name
屏幕截图 2020-04-16 120556.png	2020/	2028442	2020-04-16	2020-04-16	name
20200423_080146.jpg	2020/	2951025	2020-04-23	2020-04-23	name
截屏2020-04-27 21.55.07.png	2020/	767267	2020-04-27	2020-04-27	name
20200503_191752.jpg	2020/	3467238	2020-05-03	2020-05-03	name
Screenshot_20200505-085628.png	2020/	793397	2020-05-05	2020-05-05	name
IMG_0101.HEIC	imported/	2293658	2020-05-09	2020-05-09	mtime
20200511_090740.jpg	2020/	3856508	2020-05-11	2020-05-11	name
Screenshot 2020-05-11 at 08.34.25.png	2020/	1927417	2020-05-11	2020-05-11	name
Screenshot_20200511-230112.png	2020/	1783185	2020-05-11	2020-05-11	name
WeChat Image 2020-05-11 182624.jpg	2020/	578012	2020-05-11	2020-05-11	name
Screenshot 2020-05-18 at 12.37.09.png	2020/	706020	2020-05-18	2020-05-18	name
VID_20200520_101858.mov	2020/	186043826	2020-05-20	2020-05-20	name
IMG_0102.HEIC	imported/	2593644	2020-05-30	2020-05-30	mtime
Screenshot 2020-06-02 at 11.35.36.png	2020/	737972	2020-06-02	2020-06-02	name
PXL_20200603_09551526580.jpg	2020/	3653873	2020-06-03	2020-06-03	name
IMG-20200608-WB95207.jpg	2020/	3626232	2020-06-08	2020-06-08	name
IMG-20200609-WB68274.jpg	2020/	3049344	2020-06-09	2020-06-09	name
PXL_20200611_12304212486.jpg	2020/	2826029	2020-06-11	2020-06-11	name
PXL_20200613_20281148671.jpg	2020/	4144716	2020-06-13	2020-06-13	name
PXL_20200618_21375447385.jpg	2020/	2509152	2020-06-18	2020-06-18	name
IMG_0103.HEIC	imported/	3378524	2020-06-19	2020-06-19	mtime
IMG_20200620_12464016045.jpg	2020/	2767843	2020-06-20	2020-06-20	name
IMG_20200625_19022540433.jpg	2020/	4156800	2020-06-25	2020-06-25	name
IMG_20200627_08442858208.jpg	2020/	4062098	2020-06-27	2020-06-27	name
IMG_20200627_11120167542.jpg	2020/	3739709	2020-06-27	2020-06-27	name
IMG_20200627_1837148294.jpg	2020/	2321199	2020-06-27	2020-06-27	name
WX20200629-225814.png	2020/	1094696	2020-06-29	2020-06-29	name
IMG_0104.HEIC	imported/	3526800	2020-07-12	2020-07-12	mtime
20200715_201302.jpg	2020/	4176941	2020-07-15	2020-07-15	name
PXL_20200715_15372780919.jpg	2020/	3464594	2020-07-15	2020-07-15	name
IMG_20200716_222428001.jpg	2020/	1530000	2020-07-16	2020-07-16	name
IMG_20200716_222428002.jpg	2020/	1575000	2020-07-16	2020-07-16	name
IMG_20200716_222428003.jpg	2020/	1785000	2020-07-16	2020-07-16	name
IMG_20200716_222428004.jpg	2020/	1755000	2020-07-16	2020-07-16	name
IMG_20200716_222428005.jpg	2020/	1470000	2020-07-16	2020-07-16	name
PXL_20200716_11211661569.jpg	2020/	3335881	2020-07-16	2020-07-16	name
截屏2020-07-16 23.15.05.png	2020/	2187063	2020-07-16	2020-07-16	name
20200722_201117.jpg	2020/	3502875	2020-07-22	2020-07-22	name
Screenshot 2020-07-27 at 13.44.12.png	2020/	1732674	2020-07-27	2020-07-27	name
IMG_0105.HEIC	imported/	4000908	2020-08-03	2020-08-03	mtime
IMG-20200812-WB5623.jpg	2020/	3031611	2020-08-12	2020-08-12	name
20200816_212426.jpg	2020/	2610335	2020-08-16	2020-08-16	name
20200817_111518.jpg	2020/	2513049	2020-08-17	2020-08-17	name
IMG_20200819_13344248462.jpg	2020/	3330566	2020-08-19	2020-08-19	name
截屏2020-08-19 15.39.04.png	2020/	1562216	2020-08-19	2020-08-19	name
WX20200825-074656.png	2020/	1269542	2020-08-25	2020-08-25	name
IMG_20200826_10180223133.jpg	2020/	3892163	2020-08-26	2020-08-26	name
IMG_20200826_16033268391.jpg	2020/	3466969	2020-08-26	2020-08-26	name
20200828_075555.jpg	2020/	2912335	2020-08-28	2020-08-28	name
PXL_20200828_14405833445.jpg	2020/	4188527	2020-08-28	2020-08-28	name
Screenshot 2020-09-06 at 23.55.56.png	2020/	626404	2020-09-06	2020-09-06	name
20200911_083821.jpg	2020/	3348880	2020-09-11	2020-09-11	name
IMG-20200916-WB20961.jpg	2020/	2991278	2020-09-16	2020-09-16	name
IMG-20200919-WB41402.jpg	2020/	3256566	2020-09-19	2020-09-19	name
IMG-20200919-WB47228.jpg	2020/	3848669	2020-09-19	2020-09-19	name
20200921_140308.jpg	2020/	3784676	2020-09-21	2020-09-21	name
IMG_0106.HEIC	imported/	3788266	2020-09-25	2020-09-25	mtime
20201001_141954.jpg	2020/	4189512	2020-10-01	2020-10-01	name
IMG-20201003-WB37664.jpg	2020/	4158491	2020-10-03	2020-10-03	name
20201023_162629.jpg	2020/	2354362	2020-10-23	2020-10-23	name
WeChat Image 2020-10-25 104138.jpg	2020/	465446	2020-10-25	2020-10-25	name
WeChat Image 2020-10-29 203926.jpg	2020/	971276	2020-10-29	2020-10-29	name
IMG_20201101_22164146201.jpg	2020/	2625192	2020-11-01	2020-11-01	name
20201105_134900.jpg	2020/	2494613	2020-11-05	2020-11-05	name
20201105_211141.jpg	2020/	3159843	2020-11-05	2020-11-05	name
PXL_20201105_16073950888.jpg	2020/	2660921	2020-11-05	2020-11-05	name
IMG_0031.HEIC	imported/	3727912	2020-11-08	2020-11-08	mtime
PXL_20201111_13315479154.jpg	2020/	2464818	2020-11-11	2020-11-11	name
Screenshot_20201112-141021.png	2020/	2140005	2020-11-12	2020-11-12	name
PXL_20201120_10301360617.jpg	2020/	2770424	2020-11-20	2020-11-20	name
PXL_20201124_13352690648.jpg	2020/	3675081	2020-11-24	2020-11-24	name
PXL_20201204_20474424432.jpg	2020/	3047398	2020-12-04	2020-12-04	name
WX20201205-190622.png	2020/	2027969	2020-12-05	2020-12-05	name
20201211_201521.jpg	2020/	2985286	2020-12-11	2020-12-11	name
VID_20201213_151440.mp4	2020/	103248009	2020-12-13	2020-12-13	name
IMG_20201216_11074992461.jpg	2020/	2921597	2020-12-16	2020-12-16	name
PXL_20201221_14592697690.jpg	2020/	3294819	2020-12-21	2020-12-21	name
Screenshot_20201225-204516.png	2020/	1366996	2020-12-25	2020-12-25	name
PXL_20201226_09381989350.jpg	2020/	3332304	2020-12-26	2020-12-26	name
20201230_194538.jpg	2020/	3908140	2020-12-30	2020-12-30	name
PXL_20201230_09520387787.jpg	2020/	4076594	2020-12-30	2020-12-30	name
屏幕截图 2021-01-02 221335.png	2021/	1688882	2021-01-02	2021-01-02	name
20210111_192058.jpg	2021/	3446023	2021-01-11	2021-01-11	name
屏幕截图 2021-01-11 130725.png	2021/	1153622	2021-01-11	2021-01-11	name
20210120_224123.jpg	2021/	3216206	2021-01-20	2021-01-20	name
截屏2021-01-21 09.39.40.png	2021/	1203729	2021-01-21	2021-01-21	name
微信图片_20210125000000.jpg	2021/	1180833	2021-01-25	2021-01-25	name
IMG_20210201_10460161126.jpg	2021/	4005920	2021-02-01	2021-02-01	name
Screenshot 2021-02-01 at 21.52.06.png	2021/	2480527	2021-02-01	2021-02-01	name
IMG-20210202-WB39826.jpg	2021/	3327715	2021-02-02	2021-02-02	name
IMG_20210206_19503649698.jpg	2021/	2685013	2021-02-06	2021-02-06	name
20210210_082553.jpg	2021/	2585423	2021-02-10	2021-02-10	name
IMG-20210213-WB56795.jpg	2021/	2961667	2021-02-13	2021-02-13	name
IMG-20210215-WB85567.jpg	2021/	3337661	2021-02-15	2021-02-15	name
IMG_0032.HEIC	imported/	4018816	2021-02-15	2021-02-15	mtime
IMG_20210215_1002089374.jpg	2021/	3065199	2021-02-15	2021-02-15	name
IMG_20210215_12362898709.jpg	2021/	4120989	2021-02-15	2021-02-15	name
IMG_20210216_09352376756.jpg	2021/	3338426	2021-02-16	2021-02-16	name
Screenshot 2021-02-19 at 23.34.58.png	2021/	1192478	2021-02-19	2021-02-19	name
截屏2021-02-19 22.37.45.png	2021/	2358921	2021-02-19	2021-02-19	name
20210226_155211.jpg	2021/	2424198	2021-02-26	2021-02-26	name
IMG-20210226-WB11576.jpg	2021/	3550938	2021-02-26	2021-02-26	name
VID_20210227_135757.mp4	2021/	181107981	2021-02-27	2021-02-27	name
PXL_20210301_22060497663.jpg	2021/	3621708	2021-03-01	2021-03-01	name
屏幕截图 2021-03-03 211343.png	2021/	897127	2021-03-03	2021-03-03	name
截屏2021-03-05 08.15.43.png	2021/	2078276	2021-03-05	2021-03-05	name
IMG_20210308_0805435182.jpg	2021/	2703514	2021-03-08	2021-03-08	name
20210314_135203.jpg	2021/	3289779	2021-03-14	2021-03-14	name
IMG_20210316_14060979690.jpg	2021/	2537027	2021-03-16	2021-03-16	name
PXL_20210318_17472677631.jpg	2021/	3601475	2021-03-18	2021-03-18	name
PXL_20210322_13374349651.jpg	2021/	3192782	2021-03-22	2021-03-22	name
WX20210322-175403.png	2021/	1196308	2021-03-22	2021-03-22	name
PXL_20210323_11322082598.jpg	2021/	4223672	2021-03-23	2021-03-23	name
IMG_20210325_10220167080.jpg	2021/	2576580	2021-03-25	2021-03-25	name
屏幕截图 2021-03-25 075159.png	2021/	945743	2021-03-25	2021-03-25	name
微信图片_20210330000000.jpg	2021/	667855	2021-03-30	2021-03-30	name
PXL_20210403_07254437319.jpg	2021/	3511316	2021-04-03	2021-04-03	name
截屏2021-04-07 18.54.37.png	2021/	2483999	2021-04-07	2021-04-07	name
PXL_20210409_20543564655.jpg	2021/	3171378	2021-04-09	2021-04-09	name
20210413_205542.jpg	2021/	3519278	2021-04-13	2021-04-13	name
Screenshot 2021-04-15 at 18.16.06.png	2021/	1823261	2021-04-15	2021-04-15	name
PXL_20210416_07492343676.jpg	2021/	4143138	2021-04-16	2021-04-16	name
WX20210418-073816.png	2021/	2081570	2021-04-18	2021-04-18	name
PXL_20210419_075908.TS.mp4	2021/	122683396	2021-04-19	2021-04-19	name
IMG-20210420-WB39710.jpg	2021/	4043213	2021-04-20	2021-04-20	name
IMG-20210420-WB97342.jpg	2021/	4043213	2021-04-20	2021-04-20	name
IMG-20210422-WB83938.jpg	2021/	3007850	2021-04-22	2021-04-22	name
微信图片_20210423000000.jpg	2021/	341566	2021-04-23	2021-04-23	name
PXL_20210426_17160754862.jpg	2021/	2526107	2021-04-26	2021-04-26	name
Screenshot_20210501-105033.png	2021/	2284683	2021-05-01	2021-05-01	name
20210505_220114.jpg	2021/	3952889	2021-05-05	2021-05-05	name
IMG-20210507-WB55847.jpg	2021/	2567066	2021-05-07	2021-05-07	name
IMG_20210507_1256193727.jpg	2021/	4336260	2021-05-07	2021-05-07	name
IMG_20210508_101820001.jpg	2021/	1260000	2021-05-08	2021-05-08	name
IMG_20210508_101820002.jpg	2021/	1305000	2021-05-08	2021-05-08	name
IMG_20210508_101820003.jpg	2021/	1605000	2021-05-08	2021-05-08	name
IMG_20210508_101820004.jpg	2021/	1575000	2021-05-08	2021-05-08	name
20210509_115206.jpg	2021/	3331747	2021-05-09	2021-05-09	name
IMG-20210510-WB65472.jpg	2021/	4339188	2021-05-10	2021-05-10	name
PXL_20210515_16205166242.jpg	2021/	3996541	2021-05-15	2021-05-15	name
20210516_150251.jpg	2021/	2746067	2021-05-16	2021-05-16	name
IMG_20210521_15034882200.jpg	2021/	3236341	2021-05-21	2021-05-21	name
IMG_20210522_09232157442.jpg	2021/	4455319	2021-05-22	2021-05-22	name
IMG_20210526_22294917785.jpg	2021/	4250285	2021-05-26	2021-05-26	name
WX20210528-140906.png	2021/	823062	2021-05-28	2021-05-28	name
IMG-20210605-WB87003.jpg	2021/	3875728	2021-06-05	2021-06-05	name
IMG-20210617-WB8765.jpg	2021/	4271238	2021-06-17	2021-06-17	name
Screenshot 2021-06-17 at 20.46.35.png	2021/	2196828	2021-06-17	2021-06-17	name
微信图片_20210618000000.jpg	2021/	631767	2021-06-18	2021-06-18	name
20210620_180007.jpg	2021/	3398256	2021-06-20	2021-06-20	name
PXL_20210622_20243035522.jpg	2021/	4381147	2021-06-22	2021-06-22	name
WXIMG_20210625_131364.jpg	2021/	713238	2021-06-25	2021-06-25	name
IMG_20210629_10224173388.jpg	2021/	3685901	2021-06-29	2021-06-29	name
IMG_0033.HEIC	imported/	2633372	2021-06-30	2021-06-30	mtime
IMG-20210701-WB47122.jpg	2021/	3617302	2021-07-01	2021-07-01	name
WX20210705-170059.png	2021/	1069869	2021-07-05	2021-07-05	name
PXL_20210707_11542402447.jpg	2021/	2953967	2021-07-07	2021-07-07	name
WX20210710-174031.png	2021/	1712557	2021-07-10	2021-07-10	name
IMG_20210712_220754001.jpg	2021/	1605000	2021-07-12	2021-07-12	name
IMG_20210712_220754002.jpg	2021/	1440000	2021-07-12	2021-07-12	name
IMG_20210712_220754003.jpg	2021/	1200000	2021-07-12	2021-07-12	name
IMG_20210712_220754004.jpg	2021/	1560000	2021-07-12	2021-07-12	name
屏幕截图 2021-07-14 140028.png	2021/	1907177	2021-07-14	2021-07-14	name
IMG-20210716-WB5038.jpg	2021/	3382707	2021-07-16	2021-07-16	name
IMG-20210716-WB62823.jpg	2021/	3136051	2021-07-16	2021-07-16	name
IMG_20210718_13361456023.jpg	2021/	2855423	2021-07-18	2021-07-18	name
IMG-20210720-WB13464.jpg	2021/	3985256	2021-07-20	2021-07-20	name
Screenshot 2021-07-21 at 23.23.30.png	2021/	2456041	2021-07-21	2021-07-21	name
PXL_20210723_18082182818.jpg	2021/	3599700	2021-07-23	2021-07-23	name
Screenshot 2021-07-23 at 21.27.02.png	2021/	1262288	2021-07-23	2021-07-23	name
IMG_20210726_12355162534.jpg	2021/	2719224	2021-07-26	2021-07-26	name
IMG_20210801_12254620157.jpg	2021/	4384818	2021-08-01	2021-08-01	name
20210804_170023.jpg	2021/	4104643	2021-08-04	2021-08-04	name
20210804_200457.jpg	2021/	3503100	2021-08-04	2021-08-04	name
IMG-20210809-WB14737.jpg	2021/	3258997	2021-08-09	2021-08-09	name
WeChat Image 2021-08-09 100249.jpg	2021/	878625	2021-08-09	2021-08-09	name
Screenshot_20210812-191533.png	2021/	1947726	2021-08-12	2021-08-12	name
VID_20210815_132617.mov	2021/	151876659	2021-08-15	2021-08-15	name
IMG_20210818_21321415754.jpg	2021/	3371943	2021-08-18	2021-08-18	name
屏幕截图 2021-08-18 083829.png	2021/	648504	2021-08-18	2021-08-18	name
IMG-20210823-WB70590.jpg	2021/	2558388	2021-08-23	2021-08-23	name
WX20210827-234126.png	2021/	804411	2021-08-27	2021-08-27	name
PXL_20210902_20080321566.jpg	2021/	3098177	2021-09-02	2021-09-02	name
20210906_220320.jpg	2021/	4562235	2021-09-06	2021-09-06	name
IMG-20210907-WB6103.jpg	2021/	3493726	2021-09-07	2021-09-07	name
20210909_213433.jpg	2021/	3209929	2021-09-09	2021-09-09	name
IMG_20210909_17491752379.jpg	2021/	4279906	2021-09-09	2021-09-09	name
截屏2021-09-11 21.10.16.png	2021/	1568507	2021-09-11	2021-09-11	name
IMG-20210918-WB7567.jpg	2021/	4467017	2021-09-18	2021-09-18	name
IMG_20210918_102729001.jpg	2021/	1440000	2021-09-18	2021-09-18	name
IMG_20210918_102729002.jpg	2021/	1695000	2021-09-18	2021-09-18	name
IMG_20210918_102729003.jpg	2021/	1650000	2021-09-18	2021-09-18	name
IMG_20210918_102729004.jpg	2021/	1560000	2021-09-18	2021-09-18	name
IMG_20210918_15410854188.jpg	2021/	4538490	2021-09-18	2021-09-18	name
WeChat Image 2021-09-25 090446.jpg	2021/	1147562	2021-09-25	2021-09-25	name
PXL_20210926_215552.TS.mp4	2021/	223591836	2021-09-26	2021-09-26	name
Screenshot_20210927-232930.png	2021/	1648691	2021-09-27	2021-09-27	name
20211002_171532.jpg	2021/	4588215	2021-10-02	2021-10-02	name
Screenshot 2021-10-02 at 13.41.52.png	2021/	643357	2021-10-02	2021-10-02	name
IMG_20211005_0913307003.jpg	2021/	3335803	2021-10-05	2021-10-05	name
IMG-20211010-WB24606.jpg	2021/	4380761	2021-10-10	2021-10-10	name
IMG-20211010-WB92292.jpg	2021/	3159893	2021-10-10	2021-10-10	name
IMG_20211010_164244001.jpg	2021/	1320000	2021-10-10	2021-10-10	name
IMG_20211010_164244002.jpg	2021/	1575000	2021-10-10	2021-10-10	name
IMG_20211010_164244003.jpg	2021/	1590000	2021-10-10	2021-10-10	name
IMG_20211010_164244004.jpg	2021/	1320000	2021-10-10	2021-10-10	name
IMG_20211010_164244005.jpg	2021/	1680000	2021-10-10	2021-10-10	name
IMG_20211010_164244006.jpg	2021/	1290000	2021-10-10	2021-10-10	name
IMG_20211014_08071871938.jpg	2021/	3629850	2021-10-14	2021-10-14	name
20211019_183831.jpg	2021/	3705748	2021-10-19	2021-10-19	name
IMG_20211022_2005585831.jpg	2021/	3060132	2021-10-22	2021-10-22	name
IMG-20211030-WB54328.jpg	2021/	3101505	2021-10-30	2021-10-30	name
屏幕截图 2021-11-07 224132.png	2021/	739410	2021-11-07	2021-11-07	name
Screenshot 2021-11-08 at 17.04.07.png	2021/	2264137	2021-11-08	2021-11-08	name
VID_20211109_092132.mp4	2021/	201410200	2021-11-09	2021-11-09	name
IMG_20211111_12371948010.jpg	2021/	4013503	2021-11-11	2021-11-11	name
IMG-20211112-WB84985.jpg	2021/	2857074	2021-11-12	2021-11-12	name
Screenshot 2021-11-12 at 19.16.44.png	2021/	1082171	2021-11-12	2021-11-12	name
截屏2021-11-12 14.54.13.png	2021/	681713	2021-11-12	2021-11-12	name
Screenshot_20211115-221009.png	2021/	1636607	2021-11-15	2021-11-15	name
WX20211116-153115.png	2021/	1359980	2021-11-16	2021-11-16	name
IMG_20211118_17125125989.jpg	2021/	4417904	2021-11-18	2021-11-18	name
PXL_20211120_15282867836.jpg	2021/	4492265	2021-11-20	2021-11-20	name
PXL_20211121_09085814126.jpg	2021/	4203347	2021-11-21	2021-11-21	name
IMG-20211122-WB69300.jpg	2021/	4312983	2021-11-22	2021-11-22	name
IMG-20211123-WB51895.jpg	2021/	3733890	2021-11-23	2021-11-23	name
微信图片_20211124000000.jpg	2021/	650686	2021-11-24	2021-11-24	name
PXL_20211209_16081008413.jpg	2021/	4510657	2021-12-09	2021-12-09	name
PXL_20211210_21524717460.jpg	2021/	2837957	2021-12-10	2021-12-10	name
截屏2021-12-11 10.23.06.png	2021/	1124927	2021-12-11	2021-12-11	name
20211214_195138.jpg	2021/	3750775	2021-12-14	2021-12-14	name
VID_20211215_074739.mp4	2021/	146423674	2021-12-15	2021-12-15	name
20211221_151334.jpg	2021/	4485803	2021-12-21	2021-12-21	name
20211225_071101.jpg	2021/	2847091	2021-12-25	2021-12-25	name
PXL_20211225_14493605606.jpg	2021/	4270637	2021-12-25	2021-12-25	name
IMG-20211227-WB66642.jpg	2021/	2629208	2021-12-27	2021-12-27	name
PXL_20211229_10214143788.jpg	2021/	3324448	2021-12-29	2021-12-29	name
截屏2022-01-04 14.19.17.png	2022/Screenshots/	696143	2022-01-04	2022-01-04	name
VID_20220106_204137.mp4	2022/	3000373270	2022-01-06	2022-01-06	name
PXL_20220107_12310217458.jpg	2022/	2671993	2022-01-07	2022-01-07	name
屏幕截图 2022-01-08 120047.png	2022/Screenshots/	942337	2022-01-08	2022-01-08	name
IMG_20220109_103355001.jpg	2022/	1500000	2022-01-09	2022-01-09	name
IMG_20220109_103355002.jpg	2022/	1500000	2022-01-09	2022-01-09	name
IMG_20220109_103355003.jpg	2022/	1230000	2022-01-09	2022-01-09	name
IMG_20220109_103355004.jpg	2022/	1215000	2022-01-09	2022-01-09	name
IMG_20220109_103355005.jpg	2022/	1350000	2022-01-09	2022-01-09	name
IMG_20220109_103355006.jpg	2022/	1380000	2022-01-09	2022-01-09	name
IMG_20220109_103355007.jpg	2022/	1200000	2022-01-09	2022-01-09	name
IMG_20220109_1327179057.jpg	2022/	4613901	2022-01-09	2022-01-09	name
WX20220110-212328.png	2022/Screenshots/	1759075	2022-01-10	2022-01-10	name
微信图片_20220110000000.jpg	2022/	1213420	2022-01-10	2022-01-10	name
屏幕截图 2022-01-11 143838.png	2022/Screenshots/	2480885	2022-01-11	2022-01-11	name
IMG_20220112_07423025952.jpg	2022/	3664168	2022-01-12	2022-01-12	name
IMG-20220119-WB58397.jpg	2022/	3229277	2022-01-19	2022-01-19	name
IMG-20220120-WB14064.jpg	2022/	2679402	2022-01-20	2022-01-20	name
IMG_20220121_22264926376.jpg	2022/	3707906	2022-01-21	2022-01-21	name
PXL_20220121_09070416966.jpg	2022/	4111737	2022-01-21	2022-01-21	name
VID_20220121_225346.mov	2022/	2575209239	2022-01-21	2022-01-21	name
PXL_20220122_17271081652.jpg	2022/	3231338	2022-01-22	2022-01-22	name
屏幕截图 2022-01-22 225648.png	2022/Screenshots/	2327343	2022-01-22	2022-01-22	name
WeChat Image 2022-01-23 084035.jpg	2022/	930284	2022-01-23	2022-01-23	name
IMG-20220203-WB27188.jpg	2022/	2724193	2022-02-03	2022-02-03	name
Screenshot_20220203-192755.png	2022/Screenshots/	2388104	2022-02-03	2022-02-03	name
PXL_20220204_14382759653.jpg	2022/	2835234	2022-02-04	2022-02-04	name
Screenshot 2022-02-08 at 23.36.07.png	2022/Screenshots/	1432635	2022-02-08	2022-02-08	name
VID_20220209_152151.mov	2022/	2559055766	2022-02-09	2022-02-09	name
IMG_20220210_083313001.jpg	2022/	1485000	2022-02-10	2022-02-10	name
IMG_20220210_083313002.jpg	2022/	1530000	2022-02-10	2022-02-10	name
IMG_20220210_083313003.jpg	2022/	1500000	2022-02-10	2022-02-10	name
IMG_20220210_083313004.jpg	2022/	1200000	2022-02-10	2022-02-10	name
IMG_20220210_083313005.jpg	2022/	1545000	2022-02-10	2022-02-10	name
IMG_20220210_083313006.jpg	2022/	1275000	2022-02-10	2022-02-10	name
IMG_20220210_083313007.jpg	2022/	1245000	2022-02-10	2022-02-10	name
PXL_20220211_19115981690.jpg	2022/	4166974	2022-02-11	2022-02-11	name
WX20220212-074456.png	2022/Screenshots/	1798107	2022-02-12	2022-02-12	name
20220213_212907.jpg	2022/	2914427	2022-02-13	2022-02-13	name
IMG-20220217-WB37150.jpg	2022/	3027662	2022-02-17	2022-02-17	name
PXL_20220219_21144944829.jpg	2022/	3324449	2022-02-19	2022-02-19	name
WXIMG_20220220_185437.jpg	2022/	1017888	2022-02-20	2022-02-20	name
IMG-20220221-WB21435.jpg	2022/	3288900	2022-02-21	2022-02-21	name
VID_20220226_070215.mov	2022/	2076586052	2022-02-26	2022-02-26	name
PXL_20220228_17123610268.jpg	2022/	2627609	2022-02-28	2022-02-28	name
Screenshot_20220302-185648.png	2022/Screenshots/	786018	2022-03-02	2022-03-02	name
PXL_20220306_19594461538.jpg	2022/	4372540	2022-03-06	2022-03-06	name
IMG_20220307_070628001.jpg	2022/	1605000	2022-03-07	2022-03-07	name
IMG_20220307_070628002.jpg	2022/	1635000	2022-03-07	2022-03-07	name
IMG_20220307_070628003.jpg	2022/	1470000	2022-03-07	2022-03-07	name
IMG_20220307_070628004.jpg	2022/	1530000	2022-03-07	2022-03-07	name
IMG_20220307_070628005.jpg	2022/	1575000	2022-03-07	2022-03-07	name
20220309_225933.jpg	2022/	2817992	2022-03-09	2022-03-09	name
IMG_20220313_20314635995.jpg	2022/	3859447	2022-03-13	2022-03-13	name
WeChat Image 2022-03-14 114282.jpg	2022/	753646	2022-03-14	2022-03-14	name
屏幕截图 2022-03-16 130202.png	2022/Screenshots/	2076103	2022-03-16	2022-03-16	name
PXL_20220324_20082900010.jpg	2022/	3905573	2022-03-24	2022-03-24	name
微信图片_20220324000000.jpg	2022/	1167000	2022-03-24	2022-03-24	name
WX20220327-185120.png	2022/Screenshots/	1298492	2022-03-27	2022-03-27	name
IMG_20220329_08064977028.jpg	2022/	4356491	2022-03-29	2022-03-29	name
WeChat Image 2022-03-29 184044.jpg	2022/	519655	2022-03-29	2022-03-29	name
20220402_071546.jpg	2022/	2944029	2022-04-02	2022-04-02	name
PXL_20220402_222503.TS.mp4	2022/	1025083207	2022-04-02	2022-04-02	name
IMG_20220404_19014779704.jpg	2022/	2647008	2022-04-04	2022-04-04	name
Screenshot_20220404-130443.png	2022/Screenshots/	1476669	2022-04-04	2022-04-04	name
VID_20220404_141731.mp4	2022/	2959590112	2022-04-04	2022-04-04	name
IMG-20220406-WB92342.jpg	2022/	4140014	2022-04-06	2022-04-06	name
IMG-20220411-WB40096.jpg	2022/	3957664	2022-04-11	2022-04-11	name
Screenshot 2022-04-14 at 18.18.15.png	2022/Screenshots/	1179412	2022-04-14	2022-04-14	name
Screenshot_20220415-165915.png	2022/Screenshots/	937371	2022-04-15	2022-04-15	name
截屏2022-04-21 08.07.21.png	2022/Screenshots/	1043197	2022-04-21	2022-04-21	name
IMG-20220423-WB22639.jpg	2022/	4529046	2022-04-23	2022-04-23	name
IMG_20220423_18493692664.jpg	2022/	3855303	2022-04-23	2022-04-23	name
WX20220423-100101.png	2022/Screenshots/	2033044	2022-04-23	2022-04-23	name
IMG-20220424-WB86879.jpg	2022/	3893545	2022-04-24	2022-04-24	name
截屏2022-04-24 17.41.49.png	2022/Screenshots/	2138203	2022-04-24	2022-04-24	name
IMG_20220501_18083227555.jpg	2022/	2736958	2022-05-01	2022-05-01	name
IMG_20220504_11041944268.jpg	2022/	4839564	2022-05-04	2022-05-04	name
20220516_210351.jpg	2022/	3460090	2022-05-16	2022-05-16	name
PXL_20220520_212235.TS.mp4	2022/	1307362452	2022-05-20	2022-05-20	name
IMG-20220521-WB2771.jpg	2022/	2936599	2022-05-21	2022-05-21	name
PXL_20220522_07481926756.jpg	2022/	3615025	2022-05-22	2022-05-22	name
20220524_081239.jpg	2022/	2674721	2022-05-24	2022-05-24	name
屏幕截图 2022-05-24 090602.png	2022/Screenshots/	966190	2022-05-24	2022-05-24	name
IMG-20220527-WB11788.jpg	2022/	4825030	2022-05-27	2022-05-27	name
Screenshot_20220527-143519.png	2022/Screenshots/	1386777	2022-05-27	2022-05-27	name
IMG_20220530_11162687325.jpg	2022/	3658740	2022-05-30	2022-05-30	name
WeChat Image 2022-06-03 160984.jpg	2022/	307710	2022-06-03	2022-06-03	name
PXL_20220605_16535470493.jpg	2022/	4871789	2022-06-05	2022-06-05	name
20220612_200308.jpg	2022/	2760893	2022-06-12	2022-06-12	name
Screenshot 2022-06-14 at 16.57.09.png	2022/Screenshots/	1071126	2022-06-14	2022-06-14	name
WeChat Image 2022-06-15 082437.jpg	2022/	1483418	2022-06-15	2022-06-15	name
IMG-20220618-WB98950.jpg	2022/	4847013	2022-06-18	2022-06-18	name
IMG_20220620_10180339578.jpg	2022/	3333695	2022-06-20	2022-06-20	name
WeChat Image 2022-06-20 173257.jpg	2022/	1497932	2022-06-20	2022-06-20	name
VID_20220621_225719.mov	2022/	1383863007	2022-06-21	2022-06-21	name
截屏2022-06-21 11.31.36.png	2022/Screenshots/	2159451	2022-06-21	2022-06-21	name
IMG-20220624-WB92450.jpg	2022/	3374357	2022-06-24	2022-06-24	name
20220629_160711.jpg	2022/	3529644	2022-06-29	2022-06-29	name
IMG_20220701_08391935877.jpg	2022/	2847658	2022-07-01	2022-07-01	name
IMG_20220706_19215139606.jpg	2022/	4750975	2022-07-06	2022-07-06	name
屏幕截图 2022-07-08 190726.png	2022/Screenshots/	2252761	2022-07-08	2022-07-08	name
PXL_20220716_12344610371.jpg	2022/	4037102	2022-07-16	2022-07-16	name
WX20220719-103922.png	2022/Screenshots/	1650055	2022-07-19	2022-07-19	name
微信图片_20220720000000.jpg	2022/	377174	2022-07-20	2022-07-20	name
20220725_170631.jpg	2022/	4845828	2022-07-25	2022-07-25	name
IMG_20220725_20274257615.jpg	2022/	2670928	2022-07-25	2022-07-25	name
屏幕截图 2022-07-26 071535.png	2022/Screenshots/	1727930	2022-07-26	2022-07-26	name
20220727_180508.jpg	2022/	4084376	2022-07-27	2022-07-27	name
20220728_163627.jpg	2022/	3283441	2022-07-28	2022-07-28	name
屏幕截图 2022-07-29 175836.png	2022/Screenshots/	1439871	2022-07-29	2022-07-29	name
IMG_20220801_1258112368.jpg	2022/	3477180	2022-08-01	2022-08-01	name
Screenshot 2022-08-01 at 22.33.13.png	2022/Screenshots/	798126	2022-08-01	2022-08-01	name
Screenshot_20220803-221051.png	2022/Screenshots/	2457431	2022-08-03	2022-08-03	name
IMG_20220806_221851001.jpg	2022/	1500000	2022-08-06	2022-08-06	name
IMG_20220806_221851002.jpg	2022/	1665000	2022-08-06	2022-08-06	name
IMG_20220806_221851003.jpg	2022/	1395000	2022-08-06	2022-08-06	name
IMG_20220806_221851004.jpg	2022/	1350000	2022-08-06	2022-08-06	name
IMG_20220806_221851005.jpg	2022/	1275000	2022-08-06	2022-08-06	name
IMG_20220806_221851006.jpg	2022/	1770000	2022-08-06	2022-08-06	name
WXIMG_20220807_223218.jpg	2022/	1472570	2022-08-07	2022-08-07	name
屏幕截图 2022-08-08 164951.png	2022/Screenshots/	1213772	2022-08-08	2022-08-08	name
IMG-20220811-WB50471.jpg	2022/	2986529	2022-08-11	2022-08-11	name
屏幕截图 2022-08-11 101932.png	2022/Screenshots/	1897577	2022-08-11	2022-08-11	name
Screenshot 2022-08-13 at 08.51.49.png	2022/Screenshots/	1390185	2022-08-13	2022-08-13	name
IMG-20220822-WB45893.jpg	2022/	3108351	2022-08-22	2022-08-22	name
屏幕截图 2022-08-22 071425.png	2022/Screenshots/	878017	2022-08-22	2022-08-22	name
IMG_20220823_18550767453.jpg	2022/	4183693	2022-08-23	2022-08-23	name
PXL_20220823_22534367395.jpg	2022/	3531191	2022-08-23	2022-08-23	name
Screenshot_20220826-101304.png	2022/Screenshots/	2186621	2022-08-26	2022-08-26	name
VID_20220826_192911.mp4	2022/	2939267707	2022-08-26	2022-08-26	name
VID_20220827_103320.mov	2022/	2715423858	2022-08-27	2022-08-27	name
VID_20220828_081143.mp4	2022/	951521178	2022-08-28	2022-08-28	name
截屏2022-08-28 14.46.01.png	2022/Screenshots/	2148035	2022-08-28	2022-08-28	name
IMG_20220830_121050001.jpg	2022/	1710000	2022-08-30	2022-08-30	name
IMG_20220830_121050002.jpg	2022/	1575000	2022-08-30	2022-08-30	name
IMG_20220830_121050003.jpg	2022/	1605000	2022-08-30	2022-08-30	name
IMG_20220830_121050004.jpg	2022/	1350000	2022-08-30	2022-08-30	name
WX20220830-224229.png	2022/Screenshots/	1617639	2022-08-30	2022-08-30	name
20220905_131758.jpg	2022/	3386591	2022-09-05	2022-09-05	name
IMG_20220909_22144036334.jpg	2022/	4313704	2022-09-09	2022-09-09	name
20220921_224945.jpg	2022/	4362805	2022-09-21	2022-09-21	name
PXL_20220923_18143140951.jpg	2022/	4016949	2022-09-23	2022-09-23	name
PXL_20220926_11523415140.jpg	2022/	4251272	2022-09-26	2022-09-26	name
IMG-20220927-WB64593.jpg	2022/	4136163	2022-09-27	2022-09-27	name
PXL_20220927_100515.TS.mp4	2022/	2438707085	2022-09-27	2022-09-27	name
IMG-20221002-WB89851.jpg	2022/	4565982	2022-10-02	2022-10-02	name
PXL_20221005_10421380023.jpg	2022/	3445918	2022-10-05	2022-10-05	name
Screenshot_20221012-124422.png	2022/Screenshots/	1021867	2022-10-12	2022-10-12	name
WX20221012-171923.png	2022/Screenshots/	1492246	2022-10-12	2022-10-12	name
微信图片_20221014000000.jpg	2022/	619890	2022-10-14	2022-10-14	name
20221016_223454.jpg	2022/	3763993	2022-10-16	2022-10-16	name
WXIMG_20221018_224671.jpg	2022/	1271052	2022-10-18	2022-10-18	name
20221023_083932.jpg	2022/	2875544	2022-10-23	2022-10-23	name
Screenshot 2022-10-25 at 20.15.02.png	2022/Screenshots/	745901	2022-10-25	2022-10-25	name
截屏2022-10-27 16.29.49.png	2022/Screenshots/	2407527	2022-10-27	2022-10-27	name
屏幕截图 2022-11-01 215629.png	2022/Screenshots/	2319278	2022-11-01	2022-11-01	name
20221104_073129.jpg	2022/	3700476	2022-11-04	2022-11-04	name
IMG_20221108_10371561817.jpg	2022/	2767836	2022-11-08	2022-11-08	name
IMG_20221109_11555834863.jpg	2022/	2846373	2022-11-09	2022-11-09	name
VID_20221110_073126.mov	2022/	1322141052	2022-11-10	2022-11-10	name
IMG_20221114_21542964940.jpg	2022/	2810192	2022-11-14	2022-11-14	name
VID_20221114_073408.mov	2022/	2354737688	2022-11-14	2022-11-14	name
Screenshot 2022-11-15 at 11.28.25.png	2022/Screenshots/	642362	2022-11-15	2022-11-15	name
20221121_121924.jpg	2022/	4338444	2022-11-21	2022-11-21	name
IMG_20221121_19135519678.jpg	2022/	2892296	2022-11-21	2022-11-21	name
截屏2022-11-22 11.29.11.png	2022/Screenshots/	897793	2022-11-22	2022-11-22	name
PXL_20221124_212520.TS.mp4	2022/	1076126619	2022-11-24	2022-11-24	name
20221126_175654.jpg	2022/	3012557	2022-11-26	2022-11-26	name
Screenshot_20221127-211745.png	2022/Screenshots/	1161637	2022-11-27	2022-11-27	name
Screenshot 2022-11-29 at 09.43.41.png	2022/Screenshots/	2320649	2022-11-29	2022-11-29	name
截屏2022-12-01 16.30.56.png	2022/Screenshots/	2346559	2022-12-01	2022-12-01	name
IMG_20221202_17154088680.jpg	2022/	3603728	2022-12-02	2022-12-02	name
20221204_161636.jpg	2022/	4153776	2022-12-04	2022-12-04	name
截屏2022-12-05 08.02.18.png	2022/Screenshots/	1325762	2022-12-05	2022-12-05	name
Screenshot_20221206-200352.png	2022/Screenshots/	995716	2022-12-06	2022-12-06	name
微信图片_20221206000000.jpg	2022/	1012183	2022-12-06	2022-12-06	name
Screenshot 2022-12-08 at 19.18.25.png	2022/Screenshots/	847636	2022-12-08	2022-12-08	name
Screenshot_20221210-105201.png	2022/Screenshots/	2133306	2022-12-10	2022-12-10	name
IMG_20221217_18474456555.jpg	2022/	4439550	2022-12-17	2022-12-17	name
PXL_20221217_13180429351.jpg	2022/	4360974	2022-12-17	2022-12-17	name
20221219_070037.jpg	2022/	3969670	2022-12-19	2022-12-19	name
IMG-20221220-WB28675.jpg	2022/	3773901	2022-12-20	2022-12-20	name
20221230_100734.jpg	2022/	2954215	2022-12-30	2022-12-30	name
VID_20221230_155319.mp4	2022/	3110409805	2022-12-30	2022-12-30	name
IMG_20230104_1817549966.jpg	2023/	3154285	2023-01-04	2023-01-04	name
Screenshot 2023-01-04 at 18.07.21.png	2023/Screenshots/	912505	2023-01-04	2023-01-04	name
WXIMG_20230105_132500.jpg	2023/	1442101	2023-01-05	2023-01-05	name
IMG_20230114_19431240807.jpg	2023/	3318557	2023-01-14	2023-01-14	name
VID_20230117_222208.mov	2023/	2995640752	2023-01-17	2023-01-17	name
WX20230121-145658.png	2023/Screenshots/	1293839	2023-01-21	2023-01-21	name
Screenshot_20230126-184956.png	2023/Screenshots/	828182	2023-01-26	2023-01-26	name
IMG_20230129_13485511398.jpg	2023/	4081244	2023-01-29	2023-01-29	name
屏幕截图 2023-02-01 144625.png	2023/Screenshots/	610153	2023-02-01	2023-02-01	name
屏幕截图 2023-02-02 195559.png	2023/Screenshots/	1751931	2023-02-02	2023-02-02	name
IMG-20230208-WB82068.jpg	2023/	2898231	2023-02-08	2023-02-08	name
IMG-20230209-WB67864.jpg	2023/	3653283	2023-02-09	2023-02-09	name
WX20230211-230643.png	2023/Screenshots/	1968657	2023-02-11	2023-02-11	name
PXL_20230212_22432430700.jpg	2023/	3258107	2023-02-12	2023-02-12	name
PXL_20230220_130605.TS.mp4	2023/	1963788614	2023-02-20	2023-02-20	name
屏幕截图 2023-02-20 104629.png	2023/Screenshots/	1057712	2023-02-20	2023-02-20	name
IMG-20230221-WB4733.jpg	2023/	2826032	2023-02-21	2023-02-21	name
Screenshot 2023-02-24 at 09.35.11.png	2023/Screenshots/	1213879	2023-02-24	2023-02-24	name
PXL_20230225_22334208393.jpg	2023/	4700471	2023-02-25	2023-02-25	name
Screenshot 2023-02-25 at 20.50.52.png	2023/Screenshots/	1834141	2023-02-25	2023-02-25	name
20230301_172344.jpg	2023/	4584558	2023-03-01	2023-03-01	name
VID_20230301_112148.mov	2023/	807090461	2023-03-01	2023-03-01	name
IMG_20230302_20413990564.jpg	2023/	3907606	2023-03-02	2023-03-02	name
WX20230305-115752.png	2023/Screenshots/	2173316	2023-03-05	2023-03-05	name
微信图片_20230306000000.jpg	2023/	1134333	2023-03-06	2023-03-06	name
IMG-20230310-WB77424.jpg	2023/	3674110	2023-03-10	2023-03-10	name
IMG_20230310_101827001.jpg	2023/	1230000	2023-03-10	2023-03-10	name
IMG_20230310_101827002.jpg	2023/	1665000	2023-03-10	2023-03-10	name
IMG_20230310_101827003.jpg	2023/	1425000	2023-03-10	2023-03-10	name
IMG_20230310_101827004.jpg	2023/	1665000	2023-03-10	2023-03-10	name
IMG_20230310_101827005.jpg	2023/	1755000	2023-03-10	2023-03-10	name
IMG_20230310_101827006.jpg	2023/	1755000	2023-03-10	2023-03-10	name
IMG_20230310_101827007.jpg	2023/	1605000	2023-03-10	2023-03-10	name
20230317_101435.jpg	2023/	4478950	2023-03-17	2023-03-17	name
PXL_20230318_17431599414.jpg	2023/	3479864	2023-03-18	2023-03-18	name
屏幕截图 2023-03-19 215645.png	2023/Screenshots/	676111	2023-03-19	2023-03-19	name
IMG-20230321-WB89459.jpg	2023/	3962163	2023-03-21	2023-03-21	name
VID_20230322_160821.mov	2023/	2615444213	2023-03-22	2023-03-22	name
PXL_20230325_11460885462.jpg	2023/	4846423	2023-03-25	2023-03-25	name
Screenshot_20230327-161059.png	2023/Screenshots/	1478251	2023-03-27	2023-03-27	name
WX20230330-185041.png	2023/Screenshots/	991931	2023-03-30	2023-03-30	name
截屏2023-04-02 14.14.35.png	2023/Screenshots/	915754	2023-04-02	2023-04-02	name
IMG_20230403_081444001.jpg	2023/	1290000	2023-04-03	2023-04-03	name
IMG_20230403_081444002.jpg	2023/	1740000	2023-04-03	2023-04-03	name
IMG_20230403_081444003.jpg	2023/	1635000	2023-04-03	2023-04-03	name
IMG_20230403_081444004.jpg	2023/	1635000	2023-04-03	2023-04-03	name
IMG_20230403_081444005.jpg	2023/	1335000	2023-04-03	2023-04-03	name
IMG_20230403_081444006.jpg	2023/	1575000	2023-04-03	2023-04-03	name
IMG_20230403_081444007.jpg	2023/	1200000	2023-04-03	2023-04-03	name
截屏2023-04-04 19.07.04.png	2023/Screenshots/	2435545	2023-04-04	2023-04-04	name
WX20230405-093350.png	2023/Screenshots/	1074056	2023-04-05	2023-04-05	name
屏幕截图 2023-04-05 083200.png	2023/Screenshots/	789316	2023-04-05	2023-04-05	name
微信图片_20230405000000.jpg	2023/	1373360	2023-04-05	2023-04-05	name
IMG_20230407_07573689212.jpg	2023/	4657929	2023-04-07	2023-04-07	name
IMG_20230410_1617321982.jpg	2023/	3897264	2023-04-10	2023-04-10	name
Screenshot 2023-04-11 at 09.57.09.png	2023/Screenshots/	1650630	2023-04-11	2023-04-11	name
PXL_20230412_15272023112.jpg	2023/	4984006	2023-04-12	2023-04-12	name
IMG-20230413-WB75298.jpg	2023/	4904571	2023-04-13	2023-04-13	name
PXL_20230413_223110.TS.mp4	2023/	2988487840	2023-04-13	2023-04-13	name
VID_20230414_150743.mov	2023/	2927418768	2023-04-14	2023-04-14	name
微信图片_20230421000000.jpg	2023/	1402387	2023-04-21	2023-04-21	name
Screenshot_20230425-144145.png	2023/Screenshots/	841986	2023-04-25	2023-04-25	name
PXL_20230426_133239.TS.mp4	2023/	2127101630	2023-04-26	2023-04-26	name
WX20230427-090427.png	2023/Screenshots/	1827631	2023-04-27	2023-04-27	name
WX20230427-093725.png	2023/Screenshots/	1612999	2023-04-27	2023-04-27	name
IMG_20230428_1436147166.jpg	2023/	3628665	2023-04-28	2023-04-28	name
PXL_20230428_20083961174.jpg	2023/	4555990	2023-04-28	2023-04-28	name
PXL_20230428_222018.TS.mp4	2023/	2456520522	2023-04-28	2023-04-28	name
WX20230428-085235.png	2023/Screenshots/	2230836	2023-04-28	2023-04-28	name
微信图片_20230428000000.jpg	2023/	700780	2023-04-28	2023-04-28	name
VID_20230429_213211.mp4	2023/	2634984332	2023-04-29	2023-04-29	name
20230430_213044.jpg	2023/	3468733	2023-04-30	2023-04-30	name
20230503_185352.jpg	2023/	3712893	2023-05-03	2023-05-03	name
20230504_184312.jpg	2023/	3269592	2023-05-04	2023-05-04	name
WXIMG_20230506_090909.jpg	2023/	652496	2023-05-06	2023-05-06	name
VID_20230507_073202.mov	2023/	1855448208	2023-05-07	2023-05-07	name
截屏2023-05-07 07.13.41.png	2023/Screenshots/	1639688	2023-05-07	2023-05-07	name
WX20230510-130143.png	2023/Screenshots/	1837696	2023-05-10	2023-05-10	name
屏幕截图 2023-05-12 205858.png	2023/Screenshots/	1617261	2023-05-12	2023-05-12	name
WeChat Image 2023-05-15 175009.jpg	2023/	428802	2023-05-15	2023-05-15	name
VID_20230517_193818.mp4	2023/	2023883020	2023-05-17	2023-05-17	name
Screenshot_20230519-201112.png	2023/Screenshots/	665445	2023-05-19	2023-05-19	name
WX20230520-104213.png	2023/Screenshots/	1824795	2023-05-20	2023-05-20	name
WeChat Image 2023-05-20 123327.jpg	2023/	689339	2023-05-20	2023-05-20	name
WeChat Image 2023-05-20 232452.jpg	2023/	1226634	2023-05-20	2023-05-20	name
20230522_164442.jpg	2023/	3321480	2023-05-22	2023-05-22	name
IMG-20230522-WB1817.jpg	2023/	3929067	2023-05-22	2023-05-22	name
IMG_20230525_11590172933.jpg	2023/	3850281	2023-05-25	2023-05-25	name
IMG-20230601-WB54117.jpg	2023/	4910654	2023-06-01	2023-06-01	name
WX20230601-090228.png	2023/Screenshots/	1553533	2023-06-01	2023-06-01	name
屏幕截图 2023-06-03 165814.png	2023/Screenshots/	1270134	2023-06-03	2023-06-03	name
微信图片_20230609000000.jpg	2023/	1390408	2023-06-09	2023-06-09	name
截屏2023-06-09 18.27.40.png	2023/Screenshots/	1138864	2023-06-09	2023-06-09	name
PXL_20230610_15384141638.jpg	2023/	3536913	2023-06-10	2023-06-10	name
20230613_071002.jpg	2023/	3905049	2023-06-13	2023-06-13	name
VID_20230614_205338.mp4	2023/	2189589087	2023-06-14	2023-06-14	name
Screenshot 2023-06-18 at 12.24.14.png	2023/Screenshots/	1563107	2023-06-18	2023-06-18	name
IMG-20230621-WB95147.jpg	2023/	4522145	2023-06-21	2023-06-21	name
屏幕截图 2023-06-26 231202.png	2023/Screenshots/	2489320	2023-06-26	2023-06-26	name
Screenshot 2023-06-28 at 10.47.07.png	2023/Screenshots/	700369	2023-06-28	2023-06-28	name
IMG_20230630_1615391357.jpg	2023/	4244271	2023-06-30	2023-06-30	name
IMG-20230702-WB59754.jpg	2023/	4572502	2023-07-02	2023-07-02	name
Screenshot_20230705-153759.png	2023/Screenshots/	704924	2023-07-05	2023-07-05	name
20230707_161305.jpg	2023/	4413414	2023-07-07	2023-07-07	name
PXL_20230708_161309.TS.mp4	2023/	1822257897	2023-07-08	2023-07-08	name
WX20230708-123647.png	2023/Screenshots/	822996	2023-07-08	2023-07-08	name
IMG_20230709_17495096516.jpg	2023/	4864786	2023-07-09	2023-07-09	name
WX20230709-184818.png	2023/Screenshots/	1713010	2023-07-09	2023-07-09	name
Screenshot 2023-07-11 at 13.07.51.png	2023/Screenshots/	1521496	2023-07-11	2023-07-11	name
20230713_091500.jpg	2023/	3682060	2023-07-13	2023-07-13	name
PXL_20230714_19334855763.jpg	2023/	4419316	2023-07-14	2023-07-14	name
20230718_221811.jpg	2023/	4095081	2023-07-18	2023-07-18	name
20230720_142458.jpg	2023/	3850844	2023-07-20	2023-07-20	name
Screenshot 2023-07-20 at 10.08.00.png	2023/Screenshots/	1121129	2023-07-20	2023-07-20	name
截屏2023-07-20 19.53.57.png	2023/Screenshots/	1074607	2023-07-20	2023-07-20	name
VID_20230721_144101.mov	2023/	1665409778	2023-07-21	2023-07-21	name
IMG_20230730_15460026524.jpg	2023/	3283559	2023-07-30	2023-07-30	name
PXL_20230801_22220250550.jpg	2023/	4270251	2023-08-01	2023-08-01	name
IMG_20230803_18205770710.jpg	2023/	4764783	2023-08-03	2023-08-03	name
20230804_120040.jpg	2023/	4149436	2023-08-04	2023-08-04	name
VID_20230807_192322.mov	2023/	3116223855	2023-08-07	2023-08-07	name
IMG_20230808_07301494109.jpg	2023/	3042491	2023-08-08	2023-08-08	name
Screenshot 2023-08-08 at 17.06.05.png	2023/Screenshots/	2102273	2023-08-08	2023-08-08	name
20230810_185440.jpg	2023/	3125907	2023-08-10	2023-08-10	name
IMG_20230813_091144001.jpg	2023/	1710000	2023-08-13	2023-08-13	name
IMG_20230813_091144002.jpg	2023/	1455000	2023-08-13	2023-08-13	name
IMG_20230813_091144003.jpg	2023/	1275000	2023-08-13	2023-08-13	name
IMG_20230813_091144004.jpg	2023/	1560000	2023-08-13	2023-08-13	name
IMG_20230813_091144005.jpg	2023/	1605000	2023-08-13	2023-08-13	name
IMG_20230813_091144006.jpg	2023/	1605000	2023-08-13	2023-08-13	name
WeChat Image 2023-08-13 161579.jpg	2023/	351286	2023-08-13	2023-08-13	name
屏幕截图 2023-08-13 150724.png	2023/Screenshots/	787666	2023-08-13	2023-08-13	name
VID_20230815_210557.mp4	2023/	907551664	2023-08-15	2023-08-15	name
截屏2023-08-15 11.54.16.png	2023/Screenshots/	827341	2023-08-15	2023-08-15	name
屏幕截图 2023-08-21 150139.png	2023/Screenshots/	2071531	2023-08-21	2023-08-21	name
IMG_20230822_13501884278.jpg	2023/	2926907	2023-08-22	2023-08-22	name
截屏2023-08-23 21.25.51.png	2023/Screenshots/	1562545	2023-08-23	2023-08-23	name
IMG-20230826-WB89120.jpg	2023/	4084271	2023-08-26	2023-08-26	name
PXL_20230826_154224.TS.mp4	2023/	2153013741	2023-08-26	2023-08-26	name
屏幕截图 2023-09-01 133055.png	2023/Screenshots/	2286602	2023-09-01	2023-09-01	name
20230902_080622.jpg	2023/	4254921	2023-09-02	2023-09-02	name
PXL_20230903_142346.TS.mp4	2023/	2900056791	2023-09-03	2023-09-03	name
微信图片_20230904000000.jpg	2023/	1086604	2023-09-04	2023-09-04	name
IMG_20230906_1328438016.jpg	2023/	5084960	2023-09-06	2023-09-06	name
PXL_20230910_165948.TS.mp4	2023/	3062902119	2023-09-10	2023-09-10	name
微信图片_20230915000000.jpg	2023/	616093	2023-09-15	2023-09-15	name
WeChat Image 2023-09-17 120939.jpg	2023/	583848	2023-09-17	2023-09-17	name
IMG_20230919_210355001.jpg	2023/	1455000	2023-09-19	2023-09-19	name
IMG_20230919_210355002.jpg	2023/	1635000	2023-09-19	2023-09-19	name
IMG_20230919_210355003.jpg	2023/	1425000	2023-09-19	2023-09-19	name
IMG_20230919_210355004.jpg	2023/	1410000	2023-09-19	2023-09-19	name
IMG_20230919_210355005.jpg	2023/	1560000	2023-09-19	2023-09-19	name
VID_20230925_144920.mp4	2023/	1973895025	2023-09-25	2023-09-25	name
Screenshot_20230928-193911.png	2023/Screenshots/	1671180	2023-09-28	2023-09-28	name
Screenshot 2023-09-30 at 15.19.16.png	2023/Screenshots/	1744900	2023-09-30	2023-09-30	name
Screenshot 2023-10-02 at 21.11.44.png	2023/Screenshots/	1740464	2023-10-02	2023-10-02	name
IMG_20231003_08082069150.jpg	2023/	4238295	2023-10-03	2023-10-03	name
截屏2023-10-05 17.02.34.png	2023/Screenshots/	1498291	2023-10-05	2023-10-05	name
IMG-20231006-WB64034.jpg	2023/	4406985	2023-10-06	2023-10-06	name
IMG_20231006_09352294281.jpg	2023/	3076574	2023-10-06	2023-10-06	name
IMG-20231010-WB13661.jpg	2023/	3203704	2023-10-10	2023-10-10	name
VID_20231011_101141.mp4	2023/	1694062025	2023-10-11	2023-10-11	name
PXL_20231013_22270278994.jpg	2023/	3746697	2023-10-13	2023-10-13	name
PXL_20231014_13563522907.jpg	2023/	4788345	2023-10-14	2023-10-14	name
PXL_20231014_15181654497.jpg	2023/	4538518	2023-10-14	2023-10-14	name
IMG-20231015-WB60830.jpg	2023/	4539369	2023-10-15	2023-10-15	name
IMG_20231017_114501001.jpg	2023/	1260000	2023-10-17	2023-10-17	name
IMG_20231017_114501002.jpg	2023/	1665000	2023-10-17	2023-10-17	name
IMG_20231017_114501003.jpg	2023/	1620000	2023-10-17	2023-10-17	name
IMG_20231017_114501004.jpg	2023/	1724999	2023-10-17	2023-10-17	name
IMG_20231017_114501005.jpg	2023/	1410000	2023-10-17	2023-10-17	name
IMG_20231017_114501006.jpg	2023/	1635000	2023-10-17	2023-10-17	name
IMG_20231017_114501007.jpg	2023/	1545000	2023-10-17	2023-10-17	name
IMG-20231018-WB10327.jpg	2023/	3458527	2023-10-18	2023-10-18	name
PXL_20231020_084529.TS.mp4	2023/	2634266444	2023-10-20	2023-10-20	name
VID_20231028_145525.mp4	2023/	1093439407	2023-10-28	2023-10-28	name
PXL_20231029_074731.TS.mp4	2023/	2419762397	2023-10-29	2023-10-29	name
WXIMG_20231029_154253.jpg	2023/	564815	2023-10-29	2023-10-29	name
Screenshot 2023-11-04 at 14.50.58.png	2023/Screenshots/	1445811	2023-11-04	2023-11-04	name
PXL_20231105_12311025670.jpg	2023/	5058952	2023-11-05	2023-11-05	name
PXL_20231106_15564531817.jpg	2023/	5227166	2023-11-06	2023-11-06	name
IMG-20231108-WB79877.jpg	2023/	3053804	2023-11-08	2023-11-08	name
截屏2023-11-09 10.47.14.png	2023/Screenshots/	2393668	2023-11-09	2023-11-09	name
20231114_131524.jpg	2023/	5067453	2023-11-14	2023-11-14	name
PXL_20231116_14245726531.jpg	2023/	4943656	2023-11-16	2023-11-16	name
WXIMG_20231119_090628.jpg	2023/	371881	2023-11-19	2023-11-19	name
Screenshot_20231121-195122.png	2023/Screenshots/	2058080	2023-11-21	2023-11-21	name
20231122_194623.jpg	2023/	4907241	2023-11-22	2023-11-22	name
Screenshot 2023-11-22 at 10.17.29.png	2023/Screenshots/	913486	2023-11-22	2023-11-22	name
VID_20231127_071716.mov	2023/	1099184500	2023-11-27	2023-11-27	name
VID_20231127_091415.mp4	2023/	2250928193	2023-11-27	2023-11-27	name
PXL_20231129_13123705352.jpg	2023/	3065772	2023-11-29	2023-11-29	name
微信图片_20231201000000.jpg	2023/	378648	2023-12-01	2023-12-01	name
PXL_20231202_150547.TS.mp4	2023/	2517831230	2023-12-02	2023-12-02	name
WeChat Image 2023-12-06 085251.jpg	2023/	1295120	2023-12-06	2023-12-06	name
WX20231212-192715.png	2023/Screenshots/	1459018	2023-12-12	2023-12-12	name
截屏2023-12-13 18.03.31.png	2023/Screenshots/	966764	2023-12-13	2023-12-13	name
WX20231214-091650.png	2023/Screenshots/	1385892	2023-12-14	2023-12-14	name
IMG_20231215_1207274017.jpg	2023/	4212177	2023-12-15	2023-12-15	name
VID_20231217_122736.mov	2023/	2094206774	2023-12-17	2023-12-17	name
Screenshot 2023-12-20 at 22.18.58.png	2023/Screenshots/	1748392	2023-12-20	2023-12-20	name
截屏2023-12-27 12.49.33.png	2023/Screenshots/	1312605	2023-12-27	2023-12-27	name
IMG_20231228_124116001.jpg	2023/	1410000	2023-12-28	2023-12-28	name
IMG_20231228_124116002.jpg	2023/	1305000	2023-12-28	2023-12-28	name
IMG_20231228_124116003.jpg	2023/	1665000	2023-12-28	2023-12-28	name
IMG_20231228_124116004.jpg	2023/	1485000	2023-12-28	2023-12-28	name
IMG_20231228_124116005.jpg	2023/	1230000	2023-12-28	2023-12-28	name
IMG_20231228_124116006.jpg	2023/	1230000	2023-12-28	2023-12-28	name
IMG_20231228_124116007.jpg	2023/	1575000	2023-12-28	2023-12-28	name
PXL_20240102_11403931207.jpg	2024/	5071475	2024-01-02	2024-01-02	name
IMG_20240103_185640411.jpg	2024/	3762039	2024-01-03	2024-01-03	name
PXL_20240106_102136.TS.mp4	2024/	1466777909	2024-01-06	2024-01-06	name
Screenshot 2024-01-06 at 21.31.49.png	2024/Screenshots/	2154096	2024-01-06	2024-01-06	name
IMG-20240107-WB61443.jpg	2024/	4568543	2024-01-07	2024-01-07	name
WX20240114-231751.png	2024/Screenshots/	2219998	2024-01-14	2024-01-14	name
PXL_20240120_113409.TS.mp4	2024/	2664423887	2024-01-20	2024-01-20	name
屏幕截图 2024-01-20 130611.png	2024/Screenshots/	2309640	2024-01-20	2024-01-20	name
VID_20240122_123753.mp4	2024/	1399198103	2024-01-22	2024-01-22	name
VID_20240123_191732.mov	2024/	1667064620	2024-01-23	2024-01-23	name
IMG-20240124-WB8642.jpg	2024/	3437156	2024-01-24	2024-01-24	name
IMG_20240127_194310001.jpg	2024/	1740000	2024-01-27	2024-01-27	name
IMG_20240127_194310002.jpg	2024/	1215000	2024-01-27	2024-01-27	name
IMG_20240127_194310003.jpg	2024/	1215000	2024-01-27	2024-01-27	name
IMG_20240127_194310004.jpg	2024/	1485000	2024-01-27	2024-01-27	name
IMG_20240127_194310005.jpg	2024/	1724999	2024-01-27	2024-01-27	name
屏幕截图 2024-01-28 090527.png	2024/Screenshots/	927919	2024-01-28	2024-01-28	name
WX20240209-082114.png	2024/Screenshots/	908782	2024-02-09	2024-02-09	name
Screenshot 2024-02-10 at 17.39.20.png	2024/Screenshots/	1828517	2024-02-10	2024-02-10	name
Screenshot_20240210-184127.png	2024/Screenshots/	2232202	2024-02-10	2024-02-10	name
IMG_20240212_22101926376.jpg	2024/	3960159	2024-02-12	2024-02-12	name
PXL_20240215_210436.TS.mp4	2024/	2424532376	2024-02-15	2024-02-15	name
20240220_183015.jpg	2024/	4861508	2024-02-20	2024-02-20	name
屏幕截图 2024-02-20 133331.png	2024/Screenshots/	760676	2024-02-20	2024-02-20	name
20240221_135546.jpg	2024/	4606482	2024-02-21	2024-02-21	name
IMG_20240222_082042001.jpg	2024/	1650000	2024-02-22	2024-02-22	name
IMG_20240222_082042002.jpg	2024/	1440000	2024-02-22	2024-02-22	name
IMG_20240222_082042003.jpg	2024/	1695000	2024-02-22	2024-02-22	name
IMG_20240222_082042004.jpg	2024/	1350000	2024-02-22	2024-02-22	name
IMG_20240222_082042005.jpg	2024/	1680000	2024-02-22	2024-02-22	name
IMG_20240222_082042006.jpg	2024/	1290000	2024-02-22	2024-02-22	name
IMG_20240222_082042007.jpg	2024/	1305000	2024-02-22	2024-02-22	name
VID_20240227_123428.mov	2024/	3067100692	2024-02-27	2024-02-27	name
微信图片_20240227000000.jpg	2024/	1306556	2024-02-27	2024-02-27	name
PXL_20240228_09003208770.jpg	2024/	4868627	2024-02-28	2024-02-28	name
Screenshot_20240228-130127.png	2024/Screenshots/	1311853	2024-02-28	2024-02-28	name
20240304_173250.jpg	2024/	3889912	2024-03-04	2024-03-04	name
VID_20240304_074335.mp4	2024/	2528193101	2024-03-04	2024-03-04	name
WeChat Image 2024-03-08 104750.jpg	2024/	559230	2024-03-08	2024-03-08	name
20240309_212448.jpg	2024/	4235747	2024-03-09	2024-03-09	name
IMG_20240312_07131675684.jpg	2024/	5436710	2024-03-12	2024-03-12	name
VID_20240315_070258.mov	2024/	2810698879	2024-03-15	2024-03-15	name
VID_20240315_081747.mov	2024/	848618693	2024-03-15	2024-03-15	name
屏幕截图 2024-03-17 132727.png	2024/Screenshots/	1851928	2024-03-17	2024-03-17	name
Screenshot_20240318-074634.png	2024/Screenshots/	1448971	2024-03-18	2024-03-18	name
PXL_20240319_08223468615.jpg	2024/	3471934	2024-03-19	2024-03-19	name
PXL_20240321_100353.TS.mp4	2024/	1923940343	2024-03-21	2024-03-21	name
Screenshot_20240322-134838.png	2024/Screenshots/	1718011	2024-03-22	2024-03-22	name
IMG-20240323-WB5852.jpg	2024/	3817620	2024-03-23	2024-03-23	name
WeChat Image 2024-03-25 135293.jpg	2024/	708534	2024-03-25	2024-03-25	name
Screenshot 2024-03-26 at 08.07.27.png	2024/Screenshots/	1866191	2024-03-26	2024-03-26	name
截屏2024-03-26 20.43.12.png	2024/Screenshots/	1109829	2024-03-26	2024-03-26	name
IMG_20240328_10550882097.jpg	2024/	3048288	2024-03-28	2024-03-28	name
微信图片_20240408000000.jpg	2024/	1313647	2024-04-08	2024-04-08	name
IMG_20240417_11455282486.jpg	2024/	4739875	2024-04-17	2024-04-17	name
Screenshot 2024-04-18 at 19.49.45.png	2024/Screenshots/	2106551	2024-04-18	2024-04-18	name
PXL_20240420_123134.TS.mp4	2024/	1437399558	2024-04-20	2024-04-20	name
WXIMG_20240420_073443.jpg	2024/	539236	2024-04-20	2024-04-20	name
20240421_112222.jpg	2024/	4182736	2024-04-21	2024-04-21	name
IMG-20240421-WB10850.jpg	2024/	3967131	2024-04-21	2024-04-21	name
IMG-20240421-WB25366.jpg	2024/	3967131	2024-04-21	2024-04-21	name
IMG_20240421_121651001.jpg	2024/	1440000	2024-04-21	2024-04-21	name
IMG_20240421_121651002.jpg	2024/	1470000	2024-04-21	2024-04-21	name
IMG_20240421_121651003.jpg	2024/	1545000	2024-04-21	2024-04-21	name
IMG_20240421_121651004.jpg	2024/	1545000	2024-04-21	2024-04-21	name
IMG_20240421_121651005.jpg	2024/	1230000	2024-04-21	2024-04-21	name
IMG_20240421_121651006.jpg	2024/	1410000	2024-04-21	2024-04-21	name
PXL_20240421_084156.TS.mp4	2024/	877584994	2024-04-21	2024-04-21	name
截屏2024-04-22 20.59.44.png	2024/Screenshots/	662100	2024-04-22	2024-04-22	name
Screenshot 2024-04-25 at 19.10.01.png	2024/Screenshots/	1906156	2024-04-25	2024-04-25	name
IMG_20240426_174859001.jpg	2024/	1755000	2024-04-26	2024-04-26	name
IMG_20240426_174859002.jpg	2024/	1470000	2024-04-26	2024-04-26	name
IMG_20240426_174859003.jpg	2024/	1230000	2024-04-26	2024-04-26	name
IMG_20240426_174859004.jpg	2024/	1650000	2024-04-26	2024-04-26	name
PXL_20240429_193241.TS.mp4	2024/	1106218235	2024-04-29	2024-04-29	name
微信图片_20240430000000.jpg	2024/	923176	2024-04-30	2024-04-30	name
屏幕截图 2024-05-01 184048.png	2024/Screenshots/	894187	2024-05-01	2024-05-01	name
PXL_20240503_113601.TS.mp4	2024/	1883777875	2024-05-03	2024-05-03	name
VID_20240506_160353.mov	2024/	2833288475	2024-05-06	2024-05-06	name
微信图片_20240506000000.jpg	2024/	838977	2024-05-06	2024-05-06	name
屏幕截图 2024-05-08 160850.png	2024/Screenshots/	947833	2024-05-08	2024-05-08	name
IMG-20240509-WB73259.jpg	2024/	3071567	2024-05-09	2024-05-09	name
WX20240510-123936.png	2024/Screenshots/	2232387	2024-05-10	2024-05-10	name
IMG_20240513_09252525654.jpg	2024/	3246955	2024-05-13	2024-05-13	name
VID_20240515_173532.mov	2024/	1154900058	2024-05-15	2024-05-15	name
IMG-20240519-WB20491.jpg	2024/	3727203	2024-05-19	2024-05-19	name
IMG_20240519_09054924568.jpg	2024/	5330768	2024-05-19	2024-05-19	name
PXL_20240525_20532148643.jpg	2024/	4729119	2024-05-25	2024-05-25	name
WX20240526-154217.png	2024/Screenshots/	2435016	2024-05-26	2024-05-26	name
20240530_100501.jpg	2024/	5037352	2024-05-30	2024-05-30	name
IMG_20240530_131940001.jpg	2024/	1770000	2024-05-30	2024-05-30	name
IMG_20240530_131940002.jpg	2024/	1260000	2024-05-30	2024-05-30	name
IMG_20240530_131940003.jpg	2024/	1305000	2024-05-30	2024-05-30	name
IMG_20240530_131940004.jpg	2024/	1770000	2024-05-30	2024-05-30	name
IMG_20240530_131940005.jpg	2024/	1695000	2024-05-30	2024-05-30	name
IMG_20240530_131940006.jpg	2024/	1710000	2024-05-30	2024-05-30	name
WX20240608-105307.png	2024/Screenshots/	1749270	2024-06-08	2024-06-08	name
WX20240608-181653.png	2024/Screenshots/	2075052	2024-06-08	2024-06-08	name
截屏2024-06-09 07.59.15.png	2024/Screenshots/	2107712	2024-06-09	2024-06-09	name
屏幕截图 2024-06-11 175548.png	2024/Screenshots/	1818618	2024-06-11	2024-06-11	name
Screenshot 2024-06-13 at 15.12.11.png	2024/Screenshots/	2379305	2024-06-13	2024-06-13	name
屏幕截图 2024-06-13 085619.png	2024/Screenshots/	1788051	2024-06-13	2024-06-13	name
VID_20240614_082957.mp4	2024/	2056872087	2024-06-14	2024-06-14	name
IMG-20240615-WB35928.jpg	2024/	4790538	2024-06-15	2024-06-15	name
WeChat Image 2024-06-15 185689.jpg	2024/	578158	2024-06-15	2024-06-15	name
PXL_20240619_133029.TS.mp4	2024/	2160086829	2024-06-19	2024-06-19	name
VID_20240619_132539.mov	2024/	2190956432	2024-06-19	2024-06-19	name
屏幕截图 2024-06-24 170641.png	2024/Screenshots/	2393770	2024-06-24	2024-06-24	name
IMG-20240625-WB75829.jpg	2024/	3403016	2024-06-25	2024-06-25	name
屏幕截图 2024-06-26 070009.png	2024/Screenshots/	620696	2024-06-26	2024-06-26	name
20240628_071804.jpg	2024/	4758049	2024-06-28	2024-06-28	name
WX20240629-155853.png	2024/Screenshots/	1737898	2024-06-29	2024-06-29	name
20240701_155357.jpg	2024/	3712396	2024-07-01	2024-07-01	name
PXL_20240702_130510.TS.mp4	2024/	2740200834	2024-07-02	2024-07-02	name
WXIMG_20240705_073637.jpg	2024/	732952	2024-07-05	2024-07-05	name
Screenshot 2024-07-11 at 23.39.16.png	2024/Screenshots/	1244522	2024-07-11	2024-07-11	name
IMG_20240713_13242956297.jpg	2024/	4114279	2024-07-13	2024-07-13	name
Screenshot 2024-07-15 at 13.39.05.png	2024/Screenshots/	1783519	2024-07-15	2024-07-15	name
截屏2024-07-16 22.33.37.png	2024/Screenshots/	1956801	2024-07-16	2024-07-16	name
WXIMG_20240720_095598.jpg	2024/	1066332	2024-07-20	2024-07-20	name
20240723_160020.jpg	2024/	3990076	2024-07-23	2024-07-23	name
VID_20240726_085057.mp4	2024/	2140810032	2024-07-26	2024-07-26	name
IMG_20240729_144923001.jpg	2024/	1515000	2024-07-29	2024-07-29	name
IMG_20240729_144923002.jpg	2024/	1560000	2024-07-29	2024-07-29	name
IMG_20240729_144923003.jpg	2024/	1545000	2024-07-29	2024-07-29	name
IMG_20240729_144923004.jpg	2024/	1650000	2024-07-29	2024-07-29	name
IMG_20240729_144923005.jpg	2024/	1530000	2024-07-29	2024-07-29	name
IMG_20240729_144923006.jpg	2024/	1335000	2024-07-29	2024-07-29	name
IMG_20240801_16162216863.jpg	2024/	3864718	2024-08-01	2024-08-01	name
PXL_20240804_214311.TS.mp4	2024/	2633308707	2024-08-04	2024-08-04	name
IMG_20240805_18353334337.jpg	2024/	3340084	2024-08-05	2024-08-05	name
IMG-20240806-WB71365.jpg	2024/	5054972	2024-08-06	2024-08-06	name
Screenshot_20240806-215936.png	2024/Screenshots/	1752050	2024-08-06	2024-08-06	name
截屏2024-08-09 17.31.44.png	2024/Screenshots/	2282748	2024-08-09	2024-08-09	name
IMG_20240815_12403166072.jpg	2024/	5547344	2024-08-15	2024-08-15	name
Screenshot_20240816-082428.png	2024/Screenshots/	1053357	2024-08-16	2024-08-16	name
微信图片_20240816000000.jpg	2024/	1279694	2024-08-16	2024-08-16	name
VID_20240826_154254.mov	2024/	1450860272	2024-08-26	2024-08-26	name
Screenshot 2024-08-29 at 14.33.55.png	2024/Screenshots/	2249840	2024-08-29	2024-08-29	name
IMG-20240830-WB44878.jpg	2024/	5120661	2024-08-30	2024-08-30	name
IMG_20240910_16572230716.jpg	2024/	5572918	2024-09-10	2024-09-10	name
PXL_20240910_184440.TS.mp4	2024/	3046373954	2024-09-10	2024-09-10	name
IMG-20240917-WB13084.jpg	2024/	3587016	2024-09-17	2024-09-17	name
IMG-20240924-WB4242.jpg	2024/	3103715	2024-09-24	2024-09-24	name
PXL_20240924_21450421483.jpg	2024/	5187639	2024-09-24	2024-09-24	name
PXL_20240924_215854.TS.mp4	2024/	1085999908	2024-09-24	2024-09-24	name
WX20240925-081650.png	2024/Screenshots/	879857	2024-09-25	2024-09-25	name
WXIMG_20240926_121722.jpg	2024/	1269901	2024-09-26	2024-09-26	name
Screenshot 2024-09-27 at 18.26.06.png	2024/Screenshots/	1290973	2024-09-27	2024-09-27	name
PXL_20241002_185838.TS.mp4	2024/	896783664	2024-10-02	2024-10-02	name
微信图片_20241004000000.jpg	2024/	631861	2024-10-04	2024-10-04	name
微信图片_20241005000000.jpg	2024/	1440240	2024-10-05	2024-10-05	name
20241008_203336.jpg	2024/	4400360	2024-10-08	2024-10-08	name
PXL_20241009_07143240632.jpg	2024/	3334192	2024-10-09	2024-10-09	name
WX20241014-214224.png	2024/Screenshots/	2398798	2024-10-14	2024-10-14	name
Screenshot 2024-10-16 at 21.50.48.png	2024/Screenshots/	1925912	2024-10-16	2024-10-16	name
Screenshot_20241018-194844.png	2024/Screenshots/	2385846	2024-10-18	2024-10-18	name
VID_20241019_171129.mov	2024/	3112599019	2024-10-19	2024-10-19	name
WX20241021-205213.png	2024/Screenshots/	1142116	2024-10-21	2024-10-21	name
VID_20241022_171214.mov	2024/	1139384172	2024-10-22	2024-10-22	name
IMG-20241023-WB56383.jpg	2024/	3208693	2024-10-23	2024-10-23	name
VID_20241024_223716.mov	2024/	2376443934	2024-10-24	2024-10-24	name
Screenshot_20241029-110019.png	2024/Screenshots/	1494048	2024-10-29	2024-10-29	name
VID_20241030_185934.mp4	2024/	2787580979	2024-10-30	2024-10-30	name
微信图片_20241030000000.jpg	2024/	374933	2024-10-30	2024-10-30	name
VID_20241101_152946.mp4	2024/	3185749077	2024-11-01	2024-11-01	name
WX20241109-230935.png	2024/Screenshots/	1812023	2024-11-09	2024-11-09	name
Screenshot_20241115-201945.png	2024/Screenshots/	2088291	2024-11-15	2024-11-15	name
IMG_20241117_12125711711.jpg	2024/	5416001	2024-11-17	2024-11-17	name
PXL_20241117_10374866421.jpg	2024/	4117951	2024-11-17	2024-11-17	name
PXL_20241117_21323443472.jpg	2024/	4834117	2024-11-17	2024-11-17	name
IMG_20241120_09343318798.jpg	2024/	5687537	2024-11-20	2024-11-20	name
Screenshot_20241121-084343.png	2024/Screenshots/	1115498	2024-11-21	2024-11-21	name
PXL_20241201_19175016561.jpg	2024/	4128006	2024-12-01	2024-12-01	name
VID_20241203_191055.mov	2024/	3199017743	2024-12-03	2024-12-03	name
20241206_181550.jpg	2024/	5254313	2024-12-06	2024-12-06	name
VID_20241208_223618.mp4	2024/	1557639803	2024-12-08	2024-12-08	name
20241209_131322.jpg	2024/	5301985	2024-12-09	2024-12-09	name
IMG_20241210_10430044065.jpg	2024/	5752306	2024-12-10	2024-12-10	name
IMG_20241213_124846001.jpg	2024/	1680000	2024-12-13	2024-12-13	name
IMG_20241213_124846002.jpg	2024/	1470000	2024-12-13	2024-12-13	name
IMG_20241213_124846003.jpg	2024/	1545000	2024-12-13	2024-12-13	name
IMG_20241213_124846004.jpg	2024/	1620000	2024-12-13	2024-12-13	name
IMG_20241213_124846005.jpg	2024/	1665000	2024-12-13	2024-12-13	name
IMG_20241213_124846006.jpg	2024/	1530000	2024-12-13	2024-12-13	name
WXIMG_20241214_190038.jpg	2024/	371821	2024-12-14	2024-12-14	name
截屏2024-12-14 17.13.02.png	2024/Screenshots/	1209907	2024-12-14	2024-12-14	name
VID_20241218_090232.mp4	2024/	2744610283	2024-12-18	2024-12-18	name
截屏2024-12-18 08.09.46.png	2024/Screenshots/	1793485	2024-12-18	2024-12-18	name
Screenshot_20241219-114933.png	2024/Screenshots/	772332	2024-12-19	2024-12-19	name
20241220_155441.jpg	2024/	3961580	2024-12-20	2024-12-20	name
Screenshot_20241220-175352.png	2024/Screenshots/	1320049	2024-12-20	2024-12-20	name
Screenshot 2024-12-21 at 08.46.04.png	2024/Screenshots/	1573544	2024-12-21	2024-12-21	name
IMG_20241229_1005358562.jpg	2024/	3426704	2024-12-29	2024-12-29	name
PXL_20250101_10452279524.jpg	2025/	5187837	2025-01-01	2025-01-01	name
PXL_20250105_181048.TS.mp4	2025/	1182213419	2025-01-05	2025-01-05	name
PXL_20250109_163113.TS.mp4	2025/	1432491183	2025-01-09	2025-01-09	name
PXL_20250113_105732.TS.mp4	2025/	2058172470	2025-01-13	2025-01-13	name
20250115_180444.jpg	2025/	5155185	2025-01-15	2025-01-15	name
IMG_20250117_14073154304.jpg	2025/	5292674	2025-01-17	2025-01-17	name
IMG_20250118_143904001.jpg	2025/	1410000	2025-01-18	2025-01-18	name
IMG_20250118_143904002.jpg	2025/	1665000	2025-01-18	2025-01-18	name
IMG_20250118_143904003.jpg	2025/	1755000	2025-01-18	2025-01-18	name
IMG_20250118_143904004.jpg	2025/	1410000	2025-01-18	2025-01-18	name
IMG_20250118_143904005.jpg	2025/	1560000	2025-01-18	2025-01-18	name
IMG-20250120-WB94090.jpg	2025/	3439756	2025-01-20	2025-01-20	name
IMG-20250123-WB10902.jpg	2025/	5207587	2025-01-23	2025-01-23	name
Screenshot_20250123-150017.png	2025/Screenshots/	613359	2025-01-23	2025-01-23	name
VID_20250124_154805.mp4	2025/	1671617327	2025-01-24	2025-01-24	name
IMG_20250125_17303957142.jpg	2025/	5345280	2025-01-25	2025-01-25	name
WX20250201-133013.png	2025/Screenshots/	1903178	2025-02-01	2025-02-01	name
截屏2025-02-01 14.17.24.png	2025/Screenshots/	1160834	2025-02-01	2025-02-01	name
截屏2025-02-03 18.50.06.png	2025/Screenshots/	865235	2025-02-03	2025-02-03	name
PXL_20250206_162227.TS.mp4	2025/	1593549364	2025-02-06	2025-02-06	name
Screenshot 2025-02-06 at 19.27.53.png	2025/Screenshots/	1948203	2025-02-06	2025-02-06	name
Screenshot_20250206-164137.png	2025/Screenshots/	743049	2025-02-06	2025-02-06	name
VID_20250206_141542.mp4	2025/	1317425940	2025-02-06	2025-02-06	name
PXL_20250208_165444.TS.mp4	2025/	2283579775	2025-02-08	2025-02-08	name
PXL_20250209_20443680237.jpg	2025/	3769534	2025-02-09	2025-02-09	name
PXL_20250217_12023515474.jpg	2025/	5320988	2025-02-17	2025-02-17	name
屏幕截图 2025-02-21 130559.png	2025/Screenshots/	2057081	2025-02-21	2025-02-21	name
IMG_20250224_194950001.jpg	2025/	1350000	2025-02-24	2025-02-24	name
IMG_20250224_194950002.jpg	2025/	1380000	2025-02-24	2025-02-24	name
IMG_20250224_194950003.jpg	2025/	1230000	2025-02-24	2025-02-24	name
IMG_20250224_194950004.jpg	2025/	1770000	2025-02-24	2025-02-24	name
IMG_20250224_194950005.jpg	2025/	1335000	2025-02-24	2025-02-24	name
IMG_20250224_194950006.jpg	2025/	1620000	2025-02-24	2025-02-24	name
PXL_20250226_13454795454.jpg	2025/	5739147	2025-02-26	2025-02-26	name
VID_20250302_080617.mp4	2025/	2194077004	2025-03-02	2025-03-02	name
WX20250303-184613.png	2025/Screenshots/	1630377	2025-03-03	2025-03-03	name
20250311_222407.jpg	2025/	5295431	2025-03-11	2025-03-11	name
PXL_20250316_112011.TS.mp4	2025/	1600682839	2025-03-16	2025-03-16	name
Screenshot_20250317-204936.png	2025/Screenshots/	2148132	2025-03-17	2025-03-17	name
VID_20250323_111618.mp4	2025/	1383780509	2025-03-23	2025-03-23	name
WX20250323-182023.png	2025/Screenshots/	1265342	2025-03-23	2025-03-23	name
Screenshot 2025-03-24 at 20.39.36.png	2025/Screenshots/	1431524	2025-03-24	2025-03-24	name
微信图片_20250327000000.jpg	2025/	439120	2025-03-27	2025-03-27	name
WXIMG_20250330_222510.jpg	2025/	1099141	2025-03-30	2025-03-30	name
Screenshot 2025-04-02 at 17.05.06.png	2025/Screenshots/	614120	2025-04-02	2025-04-02	name
截屏2025-04-04 12.48.49.png	2025/Screenshots/	601244	2025-04-04	2025-04-04	name
VID_20250406_193857.mp4	2025/	1705874876	2025-04-06	2025-04-06	name
PXL_20250407_20231110822.jpg	2025/	3806466	2025-04-07	2025-04-07	name
屏幕截图 2025-04-09 151931.png	2025/Screenshots/	2193114	2025-04-09	2025-04-09	name
IMG-20250410-WB32435.jpg	2025/	5139060	2025-04-10	2025-04-10	name
Screenshot_20250410-115438.png	2025/Screenshots/	1865845	2025-04-10	2025-04-10	name
Screenshot_20250413-080927.png	2025/Screenshots/	1910436	2025-04-13	2025-04-13	name
Screenshot 2025-04-14 at 22.11.13.png	2025/Screenshots/	2467037	2025-04-14	2025-04-14	name
IMG_20250416_145354001.jpg	2025/	1695000	2025-04-16	2025-04-16	name
IMG_20250416_145354002.jpg	2025/	1410000	2025-04-16	2025-04-16	name
IMG_20250416_145354003.jpg	2025/	1290000	2025-04-16	2025-04-16	name
IMG_20250416_145354004.jpg	2025/	1395000	2025-04-16	2025-04-16	name
IMG_20250416_145354005.jpg	2025/	1455000	2025-04-16	2025-04-16	name
Screenshot_20250416-203401.png	2025/Screenshots/	2457062	2025-04-16	2025-04-16	name
VID_20250418_170735.mov	2025/	1143094083	2025-04-18	2025-04-18	name
Screenshot_20250421-134222.png	2025/Screenshots/	879840	2025-04-21	2025-04-21	name
WX20250423-164922.png	2025/Screenshots/	1150888	2025-04-23	2025-04-23	name
屏幕截图 2025-04-25 134340.png	2025/Screenshots/	1558351	2025-04-25	2025-04-25	name
Screenshot 2025-04-26 at 21.23.21.png	2025/Screenshots/	2446114	2025-04-26	2025-04-26	name
Screenshot 2025-04-27 at 10.15.20.png	2025/Screenshots/	2384713	2025-04-27	2025-04-27	name
VID_20250430_161453.mp4	2025/	2287742760	2025-04-30	2025-04-30	name
WXIMG_20250505_104533.jpg	2025/	729275	2025-05-05	2025-05-05	name
IMG-20250507-WB80357.jpg	2025/	3595428	2025-05-07	2025-05-07	name
IMG-20250514-WB25926.jpg	2025/	4291939	2025-05-14	2025-05-14	name
WX20250516-205615.png	2025/Screenshots/	1625096	2025-05-16	2025-05-16	name
IMG-20250517-WB7751.jpg	2025/	4155597	2025-05-17	2025-05-17	name
IMG-20250517-WB97311.jpg	2025/	3324477	2025-05-17	2025-05-17	name
WXIMG_20250521_095386.jpg	2025/	584687	2025-05-21	2025-05-21	name
VID_20250524_165144.mov	2025/	2060923460	2025-05-24	2025-05-24	name
VID_20250529_112336.mp4	2025/	1344585295	2025-05-29	2025-05-29	name
截屏2025-05-29 22.29.21.png	2025/Screenshots/	1259717	2025-05-29	2025-05-29	name
PXL_20250601_19444585185.jpg	2025/	3379199	2025-06-01	2025-06-01	name
PXL_20250601_22171422690.jpg	2025/	5184524	2025-06-01	2025-06-01	name
WeChat Image 2025-06-03 093901.jpg	2025/	328625	2025-06-03	2025-06-03	name
VID_20250604_132420.mp4	2025/	1914176611	2025-06-04	2025-06-04	name
VID_20250606_162218.mp4	2025/	2243204618	2025-06-06	2025-06-06	name
截屏2025-06-08 08.33.52.png	2025/Screenshots/	1343728	2025-06-08	2025-06-08	name
WX20250609-233649.png	2025/Screenshots/	1286924	2025-06-09	2025-06-09	name
Screenshot_20250611-222038.png	2025/Screenshots/	1046681	2025-06-11	2025-06-11	name
VID_20250615_182110.mp4	2025/	3101544995	2025-06-15	2025-06-15	name
PXL_20250616_13483525250.jpg	2025/	5800936	2025-06-16	2025-06-16	name
WX20250616-095435.png	2025/Screenshots/	1745105	2025-06-16	2025-06-16	name
VID_20250619_201941.mp4	2025/	1950691021	2025-06-19	2025-06-19	name
VID_20250623_164711.mov	2025/	953543388	2025-06-23	2025-06-23	name
WeChat Image 2025-06-24 075694.jpg	2025/	687763	2025-06-24	2025-06-24	name
屏幕截图 2025-06-25 125536.png	2025/Screenshots/	1058650	2025-06-25	2025-06-25	name
Screenshot 2025-06-26 at 22.03.13.png	2025/Screenshots/	2225817	2025-06-26	2025-06-26	name
截屏2025-07-02 13.01.29.png	2025/Screenshots/	1530205	2025-07-02	2025-07-02	name
WX20250704-174449.png	2025/Screenshots/	1860678	2025-07-04	2025-07-04	name
截屏2025-07-05 18.31.22.png	2025/Screenshots/	1770995	2025-07-05	2025-07-05	name
PXL_20250707_085409.TS.mp4	2025/	2461034141	2025-07-07	2025-07-07	name
截屏2025-07-08 09.14.21.png	2025/Screenshots/	2208756	2025-07-08	2025-07-08	name
屏幕截图 2025-07-11 125310.png	2025/Screenshots/	1630928	2025-07-11	2025-07-11	name
IMG_20250713_075625001.jpg	2025/	1680000	2025-07-13	2025-07-13	name
IMG_20250713_075625002.jpg	2025/	1245000	2025-07-13	2025-07-13	name
IMG_20250713_075625003.jpg	2025/	1680000	2025-07-13	2025-07-13	name
IMG_20250713_075625004.jpg	2025/	1365000	2025-07-13	2025-07-13	name
WX20250715-222350.png	2025/Screenshots/	1372739	2025-07-15	2025-07-15	name
截屏2025-07-15 20.17.46.png	2025/Screenshots/	605688	2025-07-15	2025-07-15	name
IMG_20250716_10471152394.jpg	2025/	5270510	2025-07-16	2025-07-16	name
截屏2025-07-18 14.58.50.png	2025/Screenshots/	2197225	2025-07-18	2025-07-18	name
20250719_194243.jpg	2025/	5506482	2025-07-19	2025-07-19	name
WX20250719-182533.png	2025/Screenshots/	2444028	2025-07-19	2025-07-19	name
PXL_20250722_180048.TS.mp4	2025/	2028796364	2025-07-22	2025-07-22	name
WeChat Image 2025-07-22 211992.jpg	2025/	1082243	2025-07-22	2025-07-22	name
20250725_094500.jpg	2025/	4951466	2025-07-25	2025-07-25	name
截屏2025-07-25 13.58.06.png	2025/Screenshots/	1418335	2025-07-25	2025-07-25	name
PXL_20250726_12451710284.jpg	2025/	4204777	2025-07-26	2025-07-26	name
微信图片_20250729000000.jpg	2025/	967420	2025-07-29	2025-07-29	name
VID_20250814_200310.mov	2025/	2705054339	2025-08-14	2025-08-14	name
IMG_20250816_19115327198.jpg	2025/	3610043	2025-08-16	2025-08-16	name
截屏2025-08-17 12.01.57.png	2025/Screenshots/	2440148	2025-08-17	2025-08-17	name
WX20250819-103521.png	2025/Screenshots/	1348520	2025-08-19	2025-08-19	name
Screenshot_20250828-092547.png	2025/Screenshots/	831624	2025-08-28	2025-08-28	name
IMG_20250902_15233079242.jpg	2025/	3479213	2025-09-02	2025-09-02	name
微信图片_20250904000000.jpg	2025/	423387	2025-09-04	2025-09-04	name
WX20250906-120241.png	2025/Screenshots/	2193897	2025-09-06	2025-09-06	name
截屏2025-09-06 12.25.42.png	2025/Screenshots/	1708307	2025-09-06	2025-09-06	name
PXL_20250907_124829.TS.mp4	2025/	3142853565	2025-09-07	2025-09-07	name
屏幕截图 2025-09-07 222735.png	2025/Screenshots/	2366020	2025-09-07	2025-09-07	name
20250909_095816.jpg	2025/	5554382	2025-09-09	2025-09-09	name
IMG_20250910_19234268476.jpg	2025/	4754963	2025-09-10	2025-09-10	name
PXL_20250910_162416.TS.mp4	2025/	1416415782	2025-09-10	2025-09-10	name
PXL_20250916_203316.TS.mp4	2025/	2582694827	2025-09-16	2025-09-16	name
Screenshot 2025-09-17 at 10.00.14.png	2025/Screenshots/	1028480	2025-09-17	2025-09-17	name
VID_20250919_124134.mp4	2025/	2450409363	2025-09-19	2025-09-19	name
IMG-20250920-WB45930.jpg	2025/	4385592	2025-09-20	2025-09-20	name
Screenshot_20250921-175407.png	2025/Screenshots/	2477857	2025-09-21	2025-09-21	name
屏幕截图 2025-09-21 085904.png	2025/Screenshots/	1988859	2025-09-21	2025-09-21	name
截屏2025-09-22 17.38.40.png	2025/Screenshots/	1789335	2025-09-22	2025-09-22	name
IMG-20250924-WB41247.jpg	2025/	5379447	2025-09-24	2025-09-24	name
IMG_20250925_102819001.jpg	2025/	1650000	2025-09-25	2025-09-25	name
IMG_20250925_102819002.jpg	2025/	1635000	2025-09-25	2025-09-25	name
IMG_20250925_102819003.jpg	2025/	1215000	2025-09-25	2025-09-25	name
IMG_20250925_102819004.jpg	2025/	1455000	2025-09-25	2025-09-25	name
IMG_20250925_102819005.jpg	2025/	1230000	2025-09-25	2025-09-25	name
IMG_20250925_102819006.jpg	2025/	1575000	2025-09-25	2025-09-25	name
IMG_20250926_204733001.jpg	2025/	1620000	2025-09-26	2025-09-26	name
IMG_20250926_204733002.jpg	2025/	1230000	2025-09-26	2025-09-26	name
IMG_20250926_204733003.jpg	2025/	1440000	2025-09-26	2025-09-26	name
IMG_20250926_204733004.jpg	2025/	1200000	2025-09-26	2025-09-26	name
IMG_20250926_204733005.jpg	2025/	1275000	2025-09-26	2025-09-26	name
IMG_20250926_204733006.jpg	2025/	1215000	2025-09-26	2025-09-26	name
WeChat Image 2025-09-28 214748.jpg	2025/	1493441	2025-09-28	2025-09-28	name
PXL_20250930_11554624539.jpg	2025/	5195846	2025-09-30	2025-09-30	name
VID_20251002_084150.mov	2025/	1602889829	2025-10-02	2025-10-02	name
20251006_164442.jpg	2025/	5531971	2025-10-06	2025-10-06	name
截屏2025-10-11 22.44.30.png	2025/Screenshots/	1996682	2025-10-11	2025-10-11	name
WeChat Image 2025-10-12 190633.jpg	2025/	1128462	2025-10-12	2025-10-12	name
VID_20251013_213004.mov	2025/	1988994043	2025-10-13	2025-10-13	name
WX20251015-224034.png	2025/Screenshots/	1142684	2025-10-15	2025-10-15	name
WX20251015-231854.png	2025/Screenshots/	981311	2025-10-15	2025-10-15	name
截屏2025-10-16 07.18.23.png	2025/Screenshots/	2014759	2025-10-16	2025-10-16	name
PXL_20251017_10214243292.jpg	2025/	3552576	2025-10-17	2025-10-17	name
WXIMG_20251017_210604.jpg	2025/	1304955	2025-10-17	2025-10-17	name
IMG_20251020_220956001.jpg	2025/	1305000	2025-10-20	2025-10-20	name
IMG_20251020_220956002.jpg	2025/	1755000	2025-10-20	2025-10-20	name
IMG_20251020_220956003.jpg	2025/	1590000	2025-10-20	2025-10-20	name
IMG_20251020_220956004.jpg	2025/	1500000	2025-10-20	2025-10-20	name
Screenshot_20251020-122453.png	2025/Screenshots/	1214914	2025-10-20	2025-10-20	name
VID_20251020_095347.mp4	2025/	2405939067	2025-10-20	2025-10-20	name
VID_20251020_182130.mp4	2025/	1020779354	2025-10-20	2025-10-20	name
WeChat Image 2025-10-20 123146.jpg	2025/	1309645	2025-10-20	2025-10-20	name
IMG_20251021_14314547241.jpg	2025/	3839311	2025-10-21	2025-10-21	name
IMG_20251027_121624001.jpg	2025/	1785000	2025-10-27	2025-10-27	name
IMG_20251027_121624002.jpg	2025/	1515000	2025-10-27	2025-10-27	name
IMG_20251027_121624003.jpg	2025/	1200000	2025-10-27	2025-10-27	name
IMG_20251027_121624004.jpg	2025/	1770000	2025-10-27	2025-10-27	name
IMG_20251027_121624005.jpg	2025/	1575000	2025-10-27	2025-10-27	name
IMG_20251027_121624006.jpg	2025/	1710000	2025-10-27	2025-10-27	name
屏幕截图 2025-11-04 200234.png	2025/Screenshots/	772299	2025-11-04	2025-11-04	name
VID_20251105_072414.mp4	2025/	1800943843	2025-11-05	2025-11-05	name
VID_20251108_191555.mov	2025/	2364377266	2025-11-08	2025-11-08	name
截屏2025-11-15 12.44.43.png	2025/Screenshots/	1888453	2025-11-15	2025-11-15	name
PXL_20251117_12413296826.jpg	2025/	3475506	2025-11-17	2025-11-17	name
截屏2025-11-18 07.19.33.png	2025/Screenshots/	1470489	2025-11-18	2025-11-18	name
PXL_20251122_07364143406.jpg	2025/	3716599	2025-11-22	2025-11-22	name
IMG_20251127_1409035253.jpg	2025/	4578023	2025-11-27	2025-11-27	name
WX20251127-194225.png	2025/Screenshots/	1798762	2025-11-27	2025-11-27	name
截屏2025-11-27 11.47.06.png	2025/Screenshots/	2292817	2025-11-27	2025-11-27	name
PXL_20251129_15325422407.jpg	2025/	5676699	2025-11-29	2025-11-29	name
VID_20251130_211959.mov	2025/	1035209498	2025-11-30	2025-11-30	name
IMG_20251204_0817089893.jpg	2025/	5251662	2025-12-04	2025-12-04	name
VID_20251204_180749.mp4	2025/	2834144627	2025-12-04	2025-12-04	name
VID_20251205_080110.mov	2025/	1925569270	2025-12-05	2025-12-05	name
WXIMG_20251206_131813.jpg	2025/	1020993	2025-12-06	2025-12-06	name
微信图片_20251210000000.jpg	2025/	1454556	2025-12-10	2025-12-10	name
PXL_20251214_122030.TS.mp4	2025/	3091108512	2025-12-14	2025-12-14	name
VID_20251214_140044.mp4	2025/	3130921633	2025-12-14	2025-12-14	name
WXIMG_20251214_220512.jpg	2025/	891586	2025-12-14	2025-12-14	name
屏幕截图 2025-12-15 160114.png	2025/Screenshots/	2039742	2025-12-15	2025-12-15	name
VID_20260104_072848.mov	2026/	2426873042	2026-01-04	2026-01-04	name
PXL_20260107_211511.TS.mp4	2026/	2341153625	2026-01-07	2026-01-07	name
PXL_20260110_180713.TS.mp4	2026/	3145143083	2026-01-10	2026-01-10	name
VID_20260110_182349.mp4	2026/	1059153507	2026-01-10	2026-01-10	name
WX20260111-172109.png	2026/Screenshots/	2117170	2026-01-11	2026-01-11	name
截屏2026-01-14 10.25.01.png	2026/Screenshots/	1908636	2026-01-14	2026-01-14	name
Screenshot 2026-01-16 at 08.30.31.png	2026/Screenshots/	1067830	2026-01-16	2026-01-16	name
IMG_20260117_2212228210.jpg	2026/	3552000	2026-01-17	2026-01-17	name
20260120_221020.jpg	2026/	3600000	2026-01-20	2026-01-20	name
Screenshot_20260122-195942.png	2026/Screenshots/	742701	2026-01-22	2026-01-22	name
WX20260124-122651.png	2026/Screenshots/	1686667	2026-01-24	2026-01-24	name
Screenshot 2026-01-25 at 12.01.08.png	2026/Screenshots/	2260980	2026-01-25	2026-01-25	name
WX20260125-144258.png	2026/Screenshots/	2455497	2026-01-25	2026-01-25	name
屏幕截图 2026-01-27 162816.png	2026/Screenshots/	2425124	2026-01-27	2026-01-27	name
Screenshot 2026-01-28 at 11.52.01.png	2026/Screenshots/	2122331	2026-01-28	2026-01-28	name
PXL_20260203_094945.TS.mp4	2026/	2811036034	2026-02-03	2026-02-03	name
Screenshot 2026-02-03 at 15.27.52.png	2026/Screenshots/	753719	2026-02-03	2026-02-03	name
PXL_20260215_093506.TS.mp4	2026/	2905815728	2026-02-15	2026-02-15	name
Screenshot 2026-02-16 at 08.01.37.png	2026/Screenshots/	2051316	2026-02-16	2026-02-16	name
VID_20260216_225410.mov	2026/	2636488984	2026-02-16	2026-02-16	name
IMG_20260217_145313001.jpg	2026/	1650000	2026-02-17	2026-02-17	name
IMG_20260217_145313002.jpg	2026/	1455000	2026-02-17	2026-02-17	name
IMG_20260217_145313003.jpg	2026/	1560000	2026-02-17	2026-02-17	name
IMG_20260217_145313004.jpg	2026/	1665000	2026-02-17	2026-02-17	name
IMG_20260217_145313005.jpg	2026/	1485000	2026-02-17	2026-02-17	name
IMG_20260217_145313006.jpg	2026/	1680000	2026-02-17	2026-02-17	name
IMG_20260217_145313007.jpg	2026/	1425000	2026-02-17	2026-02-17	name
VID_20260217_083856.mp4	2026/	2308087840	2026-02-17	2026-02-17	name
PXL_20260219_12492540171.jpg	2026/	5471999	2026-02-19	2026-02-19	name
VID_20260219_200232.mp4	2026/	2310594693	2026-02-19	2026-02-19	name
WeChat Image 2026-02-19 072094.jpg	2026/	1444417	2026-02-19	2026-02-19	name
IMG_20260220_12424589933.jpg	2026/	5039999	2026-02-20	2026-02-20	name
IMG_20260221_161526001.jpg	2026/	1605000	2026-02-21	2026-02-21	name
IMG_20260221_161526002.jpg	2026/	1635000	2026-02-21	2026-02-21	name
IMG_20260221_161526003.jpg	2026/	1785000	2026-02-21	2026-02-21	name
IMG_20260221_161526004.jpg	2026/	1590000	2026-02-21	2026-02-21	name
IMG_20260221_161526005.jpg	2026/	1724999	2026-02-21	2026-02-21	name
IMG_20260221_161526006.jpg	2026/	1740000	2026-02-21	2026-02-21	name
IMG_20260304_12360872532.jpg	2026/	4800000	2026-03-04	2026-03-04	name
Screenshot 2026-03-04 at 15.23.13.png	2026/Screenshots/	1068553	2026-03-04	2026-03-04	name
PXL_20260305_17523761033.jpg	2026/	6048000	2026-03-05	2026-03-05	name
PXL_20260306_20040914955.jpg	2026/	4848000	2026-03-06	2026-03-06	name
WXIMG_20260308_164252.jpg	2026/	1414058	2026-03-08	2026-03-08	name
PXL_20260309_092240.TS.mp4	2026/	1559344519	2026-03-09	2026-03-09	name
截屏2026-03-09 19.17.25.png	2026/Screenshots/	874506	2026-03-09	2026-03-09	name
PXL_20260310_142608.TS.mp4	2026/	3197770252	2026-03-10	2026-03-10	name
VID_20260310_163957.mp4	2026/	1578762304	2026-03-10	2026-03-10	name
Screenshot 2026-03-14 at 11.54.05.png	2026/Screenshots/	1108856	2026-03-14	2026-03-14	name
VID_20260314_131040.mov	2026/	912786139	2026-03-14	2026-03-14	name
IMG-20260319-WB8118.jpg	2026/	5904000	2026-03-19	2026-03-19	name
WeChat Image 2026-03-19 152599.jpg	2026/	970309	2026-03-19	2026-03-19	name
截屏2026-03-21 08.15.52.png	2026/Screenshots/	1096841	2026-03-21	2026-03-21	name
IMG-20260322-WB6179.jpg	2026/	5664000	2026-03-22	2026-03-22	name
VID_20260322_222928.mp4	2026/	1521617084	2026-03-22	2026-03-22	name
VID_20260323_143113.mp4	2026/	1218839461	2026-03-23	2026-03-23	name
WXIMG_20260325_192412.jpg	2026/	494613	2026-03-25	2026-03-25	name
WeChat Image 2026-03-29 223149.jpg	2026/	1177408	2026-03-29	2026-03-29	name
PXL_20260330_152402.TS.mp4	2026/	1207802997	2026-03-30	2026-03-30	name
PXL_20260402_10084457249.jpg	2026/	4128000	2026-04-02	2026-04-02	name
VID_20260403_185252.mp4	2026/	2038103043	2026-04-03	2026-04-03	name
VID_20260407_143532.mp4	2026/	2004095854	2026-04-07	2026-04-07	name
WX20260409-223549.png	2026/Screenshots/	1650305	2026-04-09	2026-04-09	name
微信图片_20260415000000.jpg	2026/	910545	2026-04-15	2026-04-15	name
Screenshot 2026-04-16 at 23.28.33.png	2026/Screenshots/	2383310	2026-04-16	2026-04-16	name
20260420_155028.jpg	2026/	5135999	2026-04-20	2026-04-20	name
微信图片_20260423000000.jpg	2026/	1109953	2026-04-23	2026-04-23	name
VID_20260426_072519.mov	2026/	2310560251	2026-04-26	2026-04-26	name
WXIMG_20260426_132705.jpg	2026/	949167	2026-04-26	2026-04-26	name
Screenshot 2026-04-29 at 14.31.10.png	2026/Screenshots/	1111860	2026-04-29	2026-04-29	name
PXL_20260503_101421.TS.mp4	2026/	2464236293	2026-05-03	2026-05-03	name
IMG_20260506_16073650811.jpg	2026/	3696000	2026-05-06	2026-05-06	name
屏幕截图 2026-05-08 122854.png	2026/Screenshots/	1964866	2026-05-08	2026-05-08	name
Screenshot_20260510-084936.png	2026/Screenshots/	1878910	2026-05-10	2026-05-10	name
PXL_20260515_09024041282.jpg	2026/	5280000	2026-05-15	2026-05-15	name
Screenshot 2026-05-22 at 08.04.51.png	2026/Screenshots/	1776784	2026-05-22	2026-05-22	name
Screenshot_20260524-132710.png	2026/Screenshots/	2020804	2026-05-24	2026-05-24	name
Screenshot_20260525-213748.png	2026/Screenshots/	1801813	2026-05-25	2026-05-25	name
IMG_20260527_08054228640.jpg	2026/	5231999	2026-05-27	2026-05-27	name
Screenshot 2026-05-29 at 10.20.45.png	2026/Screenshots/	1155171	2026-05-29	2026-05-29	name
WeChat Image 2026-05-30 100749.jpg	2026/	1118299	2026-05-30	2026-05-30	name
屏幕截图 2026-06-01 113134.png	2026/Screenshots/	1923484	2026-06-01	2026-06-01	name
WeChat Image 2026-06-05 144070.jpg	2026/	316095	2026-06-05	2026-06-05	name
截屏2026-06-09 10.26.41.png	2026/Screenshots/	1459850	2026-06-09	2026-06-09	name
屏幕截图 2026-06-10 091554.png	2026/Screenshots/	883605	2026-06-10	2026-06-10	name
WeChat Image 2026-06-16 222892.jpg	2026/	1190588	2026-06-16	2026-06-16	name
截屏2026-06-16 19.27.53.png	2026/Screenshots/	1664909	2026-06-16	2026-06-16	name
VID_20260619_093234.mp4	2026/	930508396	2026-06-19	2026-06-19	name
屏幕截图 2026-06-21 104955.png	2026/Screenshots/	1898317	2026-06-21	2026-06-21	name
截屏2026-06-21 22.38.19.png	2026/Screenshots/	1886281	2026-06-21	2026-06-21	name
PXL_20260623_210939.TS.mp4	2026/	2333764550	2026-06-23	2026-06-23	name
截屏2026-06-28 09.55.14.png	2026/Screenshots/	2067570	2026-06-28	2026-06-28	name
截屏2026-06-29 13.01.12.png	2026/Screenshots/	1772456	2026-06-29	2026-06-29	name
IMG_20260630_165553001.jpg	2026/	1245000	2026-06-30	2026-06-30	name
IMG_20260630_165553002.jpg	2026/	1350000	2026-06-30	2026-06-30	name
IMG_20260630_165553003.jpg	2026/	1200000	2026-06-30	2026-06-30	name
IMG_20260630_165553004.jpg	2026/	1710000	2026-06-30	2026-06-30	name
IMG_20260630_165553005.jpg	2026/	1305000	2026-06-30	2026-06-30	name
截屏2026-07-06 14.33.24.png	2026/Screenshots/	1589123	2026-07-06	2026-07-06	name
IMG-20260711-WB30988.jpg	2026/	4464000	2026-07-11	2026-07-11	name
屏幕截图 2026-07-11 202426.png	2026/Screenshots/	2035613	2026-07-11	2026-07-11	name
IMG_20260712_120234001.jpg	2026/	1320000	2026-07-12	2026-07-12	name
IMG_20260712_120234002.jpg	2026/	1395000	2026-07-12	2026-07-12	name
IMG_20260712_120234003.jpg	2026/	1545000	2026-07-12	2026-07-12	name
IMG_20260712_120234004.jpg	2026/	1515000	2026-07-12	2026-07-12	name
IMG_20260712_120234005.jpg	2026/	1665000	2026-07-12	2026-07-12	name
IMG_20260712_120234006.jpg	2026/	1395000	2026-07-12	2026-07-12	name
WeChat Image 2026-07-15 160873.jpg	2026/	809194	2026-07-15	2026-07-15	name
PXL_20260718_121355.TS.mp4	2026/	1318862022	2026-07-18	2026-07-18	name
Screenshot 2026-07-18 at 12.04.18.png	2026/Screenshots/	1566065	2026-07-18	2026-07-18	name
VID_20260718_210546.mp4	2026/	1617878954	2026-07-18	2026-07-18	name
屏幕截图 2026-07-18 123221.png	2026/Screenshots/	2291572	2026-07-18	2026-07-18	name
PXL_20260722_13262588372.jpg	2026/	6048000	2026-07-22	2026-07-22	name
Screenshot_20260724-123205.png	2026/Screenshots/	2058542	2026-07-24	2026-07-24	name
PXL_20260726_15114704955.jpg	2026/	4800000	2026-07-26	2026-07-26	name
VID_20260728_124720.mp4	2026/	2961361685	2026-07-28	2026-07-28	name
20260802_224548.jpg	2026/	5327999	2026-08-02	2026-08-02	name
IMG_20260804_223213001.jpg	2026/	1350000	2026-08-04	2026-08-04	name
IMG_20260804_223213002.jpg	2026/	1335000	2026-08-04	2026-08-04	name
IMG_20260804_223213003.jpg	2026/	1425000	2026-08-04	2026-08-04	name
IMG_20260804_223213004.jpg	2026/	1515000	2026-08-04	2026-08-04	name
IMG_20260804_223213005.jpg	2026/	1230000	2026-08-04	2026-08-04	name
Screenshot_20260811-191957.png	2026/Screenshots/	1364808	2026-08-11	2026-08-11	name
VID_20260811_151012.mov	2026/	2664298583	2026-08-11	2026-08-11	name
IMG-20260816-WB5400.jpg	2026/	3887999	2026-08-16	2026-08-16	name
VID_20260816_222517.mov	2026/	1152851566	2026-08-16	2026-08-16	name
IMG-20260817-WB38856.jpg	2026/	3504000	2026-08-17	2026-08-17	name
PXL_20260820_154216.TS.mp4	2026/	3109516589	2026-08-20	2026-08-20	name
Screenshot 2026-08-23 at 07.01.51.png	2026/Screenshots/	998840	2026-08-23	2026-08-23	name
截屏2026-08-23 15.50.59.png	2026/Screenshots/	2172784	2026-08-23	2026-08-23	name
20260830_172757.jpg	2026/	4128000	2026-08-30	2026-08-30	name
